Int1_Pc_Pattern	NZ_JAAOET010000008.1	97.830	1014	22	0	1	1014	166156	165143	0.0	1792
Int1_Pc_Pattern	NZ_JAAOET010000008.1	95.911	538	22	0	1	538	174758	174221	0.0	913
Int1_Pc_Pattern	NZ_JAALHG010000040.1	97.830	1014	22	0	1	1014	5028	4015	0.0	1792
Int1_Pc_Pattern	NZ_JACCIJ010000080.1	97.830	1014	22	0	1	1014	3367	4380	0.0	1792
Int1_Pc_Pattern	NZ_JACCIH010000071.1	97.830	1014	22	0	1	1014	4758	5771	0.0	1792
Int1_Pc_Pattern	NZ_CP056774.1	97.830	1014	22	0	1	1014	5263419	5262406	0.0	1792
Int1_Pc_Pattern	NZ_CP056774.1	97.830	1014	22	0	1	1014	6273210	6274223	0.0	1792
Int1_Pc_Pattern	NZ_CP056774.1	97.830	1014	22	0	1	1014	6286495	6287508	0.0	1792
Int1_Pc_Pattern	NZ_CP056774.1	92.691	301	22	0	1	301	6261385	6261685	2.43e-130	475
Int1_Pc_Pattern	NZ_CP053917.1	97.830	1014	22	0	1	1014	2895452	2894439	0.0	1792
Int1_Pc_Pattern	NZ_CP053917.1	97.732	1014	23	0	1	1014	39285	40298	0.0	1786
Int1_Pc_Pattern	NZ_JABLTW010000106.1	97.830	1014	22	0	1	1014	1216	203	0.0	1792
Int1_Pc_Pattern	NZ_SWGR01000131.1	97.830	1014	22	0	1	1014	2817	3830	0.0	1792
Int1_Pc_Pattern	NZ_SWGO01000082.1	97.830	1014	22	0	1	1014	13144	12131	0.0	1792
Int1_Pc_Pattern	NZ_SWGG01000113.1	97.830	1014	22	0	1	1014	1216	203	0.0	1792
Int1_Pc_Pattern	NZ_CP045917.1	97.830	1014	22	0	1	1014	384477	385490	0.0	1792
Int1_Pc_Pattern	NZ_CP045917.1	92.691	301	22	0	1	301	376846	377146	2.43e-130	475
Int1_Pc_Pattern	NZ_WXZU01000049.1	97.830	1014	22	0	1	1014	2081	3094	0.0	1792
Int1_Pc_Pattern	NZ_WUDM01000176.1	97.830	1014	22	0	1	1014	6022	7035	0.0	1792
Int1_Pc_Pattern	NZ_WUDL01000140.1	97.830	1014	22	0	1	1014	6022	7035	0.0	1792
Int1_Pc_Pattern	NZ_VTFE01000040.1	97.830	1014	22	0	1	1014	55935	54922	0.0	1792
Int1_Pc_Pattern	NZ_CP039991.1	97.830	1014	22	0	1	1014	211457	210444	0.0	1792
Int1_Pc_Pattern	NZ_CP039991.1	97.830	1014	22	0	1	1014	254791	255804	0.0	1792
Int1_Pc_Pattern	NZ_CP039991.1	92.691	301	22	0	1	301	220917	220617	2.43e-130	475
Int1_Pc_Pattern	NZ_CP039991.1	92.691	301	22	0	1	301	245331	245631	2.43e-130	475
Int1_Pc_Pattern	NZ_CP041945.1	97.830	1014	22	0	1	1014	6802626	6803639	0.0	1792
Int1_Pc_Pattern	NZ_CP045739.1	97.830	1014	22	0	1	1014	3527449	3526436	0.0	1792
Int1_Pc_Pattern	NZ_CP045739.1	97.830	1014	22	0	1	1014	6120957	6119944	0.0	1792
Int1_Pc_Pattern	NZ_CP024630.1	97.830	1014	22	0	1	1014	5570059	5569046	0.0	1792
Int1_Pc_Pattern	NZ_CP024630.1	97.830	1014	22	0	1	1014	5804023	5803010	0.0	1792
Int1_Pc_Pattern	NZ_CP024630.1	92.691	301	22	0	1	301	5578136	5577836	2.43e-130	475
Int1_Pc_Pattern	NZ_VMNQ01000003.1	97.830	1014	22	0	1	1014	78038	79051	0.0	1792
Int1_Pc_Pattern	NZ_VMNP01000071.1	97.830	1014	22	0	1	1014	1263	250	0.0	1792
Int1_Pc_Pattern	NZ_VMTW01000036.1	97.830	1014	22	0	1	1014	9222	8209	0.0	1792
Int1_Pc_Pattern	NZ_CP043483.1	97.830	1014	22	0	1	1014	2457080	2456067	0.0	1792
Int1_Pc_Pattern	NZ_CP043483.1	97.830	1014	22	0	1	1014	4739742	4740755	0.0	1792
Int1_Pc_Pattern	NZ_CP043483.1	92.691	301	22	0	1	301	4729417	4729717	2.43e-130	475
Int1_Pc_Pattern	NZ_CP083367.1	97.830	1014	22	0	1	1014	64234	63221	0.0	1792
Int1_Pc_Pattern	NZ_VIHQ01000056.1	97.830	1014	22	0	1	1014	9030	8017	0.0	1792
Int1_Pc_Pattern	NZ_VIHP01000064.1	97.830	1014	22	0	1	1014	9030	8017	0.0	1792
Int1_Pc_Pattern	NZ_VIHN01000070.1	97.830	1014	22	0	1	1014	7588	8601	0.0	1792
Int1_Pc_Pattern	NZ_VIHC01000066.1	97.830	1014	22	0	1	1014	8980	7967	0.0	1792
Int1_Pc_Pattern	NZ_CM131228.1	97.830	1014	22	0	1	1014	2435134	2434121	0.0	1792
Int1_Pc_Pattern	NZ_CM131228.1	97.830	1014	22	0	1	1014	2480564	2479551	0.0	1792
Int1_Pc_Pattern	NZ_SSDD01000063.1	97.830	1014	22	0	1	1014	5707	4694	0.0	1792
Int1_Pc_Pattern	NZ_SSDE01000077.1	97.830	1014	22	0	1	1014	5250	4237	0.0	1792
Int1_Pc_Pattern	NZ_SRKE01000078.1	97.830	1014	22	0	1	1014	1216	203	0.0	1792
Int1_Pc_Pattern	NZ_SRKE01000077.1	97.830	1014	22	0	1	1014	1216	203	0.0	1792
Int1_Pc_Pattern	NZ_RWQE01000002.1	97.830	1014	22	0	1	1014	963608	962595	0.0	1792
Int1_Pc_Pattern	NZ_RWQD01000002.1	97.830	1014	22	0	1	1014	670555	669542	0.0	1792
Int1_Pc_Pattern	NZ_SCXC01000030.1	97.830	1014	22	0	1	1014	1415	402	0.0	1792
Int1_Pc_Pattern	NZ_SCWX01000079.1	97.830	1014	22	0	1	1014	2333	3346	0.0	1792
Int1_Pc_Pattern	NZ_SCWW01000081.1	97.830	1014	22	0	1	1014	1413	400	0.0	1792
Int1_Pc_Pattern	NZ_CP035739.1	97.830	1014	22	0	1	1014	2909397	2908384	0.0	1792
Int1_Pc_Pattern	NZ_CP035739.1	97.830	1014	22	0	1	1014	5674285	5675298	0.0	1792
Int1_Pc_Pattern	NZ_CP035739.1	97.160	1021	22	1	1	1014	2952041	2951021	0.0	1759
Int1_Pc_Pattern	NZ_SBKB01000014.1	97.830	1014	22	0	1	1014	111224	110211	0.0	1792
Int1_Pc_Pattern	NZ_SBJT01000032.1	97.830	1014	22	0	1	1014	4996	6009	0.0	1792
Int1_Pc_Pattern	NZ_CP034430.1	97.830	1014	22	0	1	1014	151906	150893	0.0	1792
Int1_Pc_Pattern	NZ_CP034409.1	97.830	1014	22	0	1	1014	5128723	5127710	0.0	1792
Int1_Pc_Pattern	NZ_CP034409.1	97.830	1014	22	0	1	1014	5158017	5159030	0.0	1792
Int1_Pc_Pattern	NZ_RXUR01000003.1	97.830	1014	22	0	1	1014	456559	455546	0.0	1792
Int1_Pc_Pattern	NZ_RXWS01000043.1	97.830	1014	22	0	1	1014	40082	39069	0.0	1792
Int1_Pc_Pattern	NZ_RXVL01000092.1	97.830	1014	22	0	1	1014	7379	8392	0.0	1792
Int1_Pc_Pattern	NZ_RXVZ01000124.1	97.830	1014	22	0	1	1014	6021	7034	0.0	1792
Int1_Pc_Pattern	NZ_RXVB01000034.1	97.830	1014	22	0	1	1014	67142	66129	0.0	1792
Int1_Pc_Pattern	NZ_RXUP01000065.1	97.830	1014	22	0	1	1014	63014	62001	0.0	1792
Int1_Pc_Pattern	NZ_RXSY01000085.1	97.830	1014	22	0	1	1014	13534	12521	0.0	1792
Int1_Pc_Pattern	NZ_RXTN01000057.1	97.830	1014	22	0	1	1014	6979	7992	0.0	1792
Int1_Pc_Pattern	NZ_RXTL01000080.1	97.830	1014	22	0	1	1014	1129	116	0.0	1792
Int1_Pc_Pattern	NZ_RXTC01000019.1	97.830	1014	22	0	1	1014	80169	79156	0.0	1792
Int1_Pc_Pattern	NZ_RWXN01000092.1	97.830	1014	22	0	1	1014	115412	114399	0.0	1792
Int1_Pc_Pattern	NZ_RWWO01000095.1	97.830	1014	22	0	1	1014	81187	82200	0.0	1792
Int1_Pc_Pattern	NZ_RWWO01000095.1	92.691	301	22	0	1	301	72374	72674	2.43e-130	475
Int1_Pc_Pattern	NZ_RWWJ01000098.1	97.830	1014	22	0	1	1014	38278	37265	0.0	1792
Int1_Pc_Pattern	NZ_RWWM01000128.1	97.830	1014	22	0	1	1014	1120	107	0.0	1792
Int1_Pc_Pattern	NZ_CP034354.1	97.830	1014	22	0	1	1014	1404117	1403104	0.0	1792
Int1_Pc_Pattern	NZ_NSPI01000051.1	97.830	1014	22	0	1	1014	1410	397	0.0	1792
Int1_Pc_Pattern	NZ_RRBK01000156.1	97.830	1014	22	0	1	1014	2784	1771	0.0	1792
Int1_Pc_Pattern	NZ_RRBF01000027.1	97.830	1014	22	0	1	1014	565	1578	0.0	1792
Int1_Pc_Pattern	NZ_RRBL01000060.1	97.830	1014	22	0	1	1014	14017	13004	0.0	1792
Int1_Pc_Pattern	NZ_NTAF01000033.1	97.830	1014	22	0	1	1014	35264	34251	0.0	1792
Int1_Pc_Pattern	NZ_NSVW01000041.1	97.830	1014	22	0	1	1014	1431	418	0.0	1792
Int1_Pc_Pattern	NZ_NSVG01000010.1	97.830	1014	22	0	1	1014	174658	173645	0.0	1792
Int1_Pc_Pattern	NZ_NSVE01000016.1	97.830	1014	22	0	1	1014	186162	185149	0.0	1792
Int1_Pc_Pattern	NZ_NSVA01000042.1	97.830	1014	22	0	1	1014	13532	12519	0.0	1792
Int1_Pc_Pattern	NZ_NSUH01000061.1	97.830	1014	22	0	1	1014	5548	4535	0.0	1792
Int1_Pc_Pattern	NZ_NSPP01000033.1	97.830	1014	22	0	1	1014	1930	2943	0.0	1792
Int1_Pc_Pattern	NZ_NSPJ01000030.1	97.830	1014	22	0	1	1014	1413	400	0.0	1792
Int1_Pc_Pattern	NZ_NSQM01000047.1	97.830	1014	22	0	1	1014	5548	4535	0.0	1792
Int1_Pc_Pattern	NZ_NSPH01000032.1	97.830	1014	22	0	1	1014	1339	326	0.0	1792
Int1_Pc_Pattern	NZ_NSOS01000025.1	97.830	1014	22	0	1	1014	1413	400	0.0	1792
Int1_Pc_Pattern	NZ_CP033834.1	97.830	1014	22	0	1	1014	8347	7334	0.0	1792
Int1_Pc_Pattern	NZ_CP033439.1	97.830	1014	22	0	1	1014	6697380	6696367	0.0	1792
Int1_Pc_Pattern	NZ_MCMD01000016.1	97.830	1014	22	0	1	1014	107283	108296	0.0	1792
Int1_Pc_Pattern	NZ_RABX01000723.1	97.830	1014	22	0	1	1014	1170	157	0.0	1792
Int1_Pc_Pattern	NZ_RACD01000139.1	97.830	1014	22	0	1	1014	68270	69283	0.0	1792
Int1_Pc_Pattern	NZ_RACF01000038.1	97.830	1014	22	0	1	1014	265886	266899	0.0	1792
Int1_Pc_Pattern	NZ_RACG01000107.1	97.830	1014	22	0	1	1014	114011	115024	0.0	1792
Int1_Pc_Pattern	NZ_RACH01000737.1	97.830	1014	22	0	1	1014	3718	2705	0.0	1792
Int1_Pc_Pattern	NZ_RACI01000050.1	97.830	1014	22	0	1	1014	234779	235792	0.0	1792
Int1_Pc_Pattern	NZ_RAEF01000109.1	97.830	1014	22	0	1	1014	3091	2078	0.0	1792
Int1_Pc_Pattern	NZ_RAEI01000046.1	97.830	1014	22	0	1	1014	9572	8559	0.0	1792
Int1_Pc_Pattern	NZ_RAFJ01000084.1	97.830	1014	22	0	1	1014	7002	8015	0.0	1792
Int1_Pc_Pattern	NZ_RAFL01000026.1	97.830	1014	22	0	1	1014	3998	2985	0.0	1792
Int1_Pc_Pattern	NZ_RAFY01000385.1	97.830	1014	22	0	1	1014	1349	336	0.0	1792
Int1_Pc_Pattern	NZ_CP032569.1	97.830	1014	22	0	1	1014	6710906	6711919	0.0	1792
Int1_Pc_Pattern	NZ_CP032569.1	94.923	453	23	0	1	453	6236078	6236530	0.0	750
Int1_Pc_Pattern	NZ_CP031876.1	97.830	1014	22	0	1	1014	6827828	6826815	0.0	1792
Int1_Pc_Pattern	NZ_CP029605.1	97.830	1014	22	0	1	1014	2435102	2434089	0.0	1792
Int1_Pc_Pattern	NZ_CP029605.1	97.830	1014	22	0	1	1014	5821511	5820498	0.0	1792
Int1_Pc_Pattern	NZ_CP029605.1	97.732	1014	23	0	1	1014	5106558	5105545	0.0	1786
Int1_Pc_Pattern	NZ_QVDE02000020.1	97.830	1014	22	0	1	1014	28215	29228	0.0	1792
Int1_Pc_Pattern	NZ_CP039294.1	97.830	1014	22	0	1	1014	28516	29529	0.0	1792
Int1_Pc_Pattern	NZ_QVCQ02000139.1	97.830	1014	22	0	1	1014	6654	7667	0.0	1792
Int1_Pc_Pattern	NZ_QVCP02000073.1	97.830	1014	22	0	1	1014	28215	29228	0.0	1792
Int1_Pc_Pattern	NZ_QVDB02000094.1	97.830	1014	22	0	1	1014	10174	11187	0.0	1792
Int1_Pc_Pattern	NZ_QVBJ02000003.1	97.830	1014	22	0	1	1014	69280	70293	0.0	1792
Int1_Pc_Pattern	NZ_QVBI02000044.1	97.830	1014	22	0	1	1014	49482	48469	0.0	1792
Int1_Pc_Pattern	NZ_CP030911.1	97.830	1014	22	0	1	1014	5149720	5148707	0.0	1792
Int1_Pc_Pattern	NZ_CP030911.1	92.691	301	22	0	1	301	5162548	5162248	2.43e-130	475
Int1_Pc_Pattern	NZ_CP030911.1	100.000	161	0	0	141	301	5158393	5158233	5.64e-77	298
Int1_Pc_Pattern	NZ_CP030912.1	97.830	1014	22	0	1	1014	5097701	5098714	0.0	1792
Int1_Pc_Pattern	NZ_CP030912.1	92.691	301	22	0	1	301	5088888	5089188	2.43e-130	475
Int1_Pc_Pattern	NZ_CP030913.1	97.830	1014	22	0	1	1014	5086636	5085623	0.0	1792
Int1_Pc_Pattern	NZ_CP030913.1	92.691	301	22	0	1	301	5099464	5099164	2.43e-130	475
Int1_Pc_Pattern	NZ_CP030913.1	100.000	161	0	0	141	301	5095309	5095149	5.64e-77	298
Int1_Pc_Pattern	NZ_QMGO01000001.1	97.830	1014	22	0	1	1014	1337504	1338517	0.0	1792
Int1_Pc_Pattern	NZ_QMGO01000001.1	97.830	1014	22	0	1	1014	6395194	6394181	0.0	1792
Int1_Pc_Pattern	NZ_QMGP01000002.1	97.830	1014	22	0	1	1014	94724	93711	0.0	1792
Int1_Pc_Pattern	NZ_QMGP01000001.1	97.830	1014	22	0	1	1014	1983618	1984631	0.0	1792
Int1_Pc_Pattern	NZ_CP029707.1	97.830	1014	22	0	1	1014	4900894	4899881	0.0	1792
Int1_Pc_Pattern	NZ_CP029707.1	97.830	1014	22	0	1	1014	4914958	4913945	0.0	1792
Int1_Pc_Pattern	NZ_CP029707.1	97.830	1014	22	0	1	1014	5923839	5924852	0.0	1792
Int1_Pc_Pattern	NZ_CP029707.1	92.691	301	22	0	1	301	4926783	4926483	2.43e-130	475
Int1_Pc_Pattern	NZ_CP029745.1	97.830	1014	22	0	1	1014	352051	351038	0.0	1792
Int1_Pc_Pattern	NZ_QJOY01000796.1	97.830	1014	22	0	1	1014	3775	4788	0.0	1792
Int1_Pc_Pattern	NZ_QHLT01000415.1	97.830	1014	22	0	1	1014	144	1157	0.0	1792
Int1_Pc_Pattern	NZ_QFRM01000080.1	97.830	1014	22	0	1	1014	1116	103	0.0	1792
Int1_Pc_Pattern	NZ_QFRL01000073.1	97.830	1014	22	0	1	1014	136	1149	0.0	1792
Int1_Pc_Pattern	NZ_CP029096.1	97.830	1014	22	0	1	1014	374478	375491	0.0	1792
Int1_Pc_Pattern	NZ_CP029089.1	97.830	1014	22	0	1	1014	5092587	5091574	0.0	1792
Int1_Pc_Pattern	NZ_CP029089.1	97.830	1014	22	0	1	1014	6177957	6176944	0.0	1792
Int1_Pc_Pattern	NZ_CP029089.1	92.691	301	22	0	1	301	6188233	6187933	2.43e-130	475
Int1_Pc_Pattern	NZ_CP027166.1	97.830	1014	22	0	1	1014	1717442	1718455	0.0	1792
Int1_Pc_Pattern	NZ_CP027166.1	97.830	1014	22	0	1	1014	5384617	5383604	0.0	1792
Int1_Pc_Pattern	NZ_CP027166.1	97.830	1014	22	0	1	1014	6302859	6303872	0.0	1792
Int1_Pc_Pattern	NZ_CP027166.1	97.732	1014	23	0	1	1014	3405509	3404496	0.0	1786
Int1_Pc_Pattern	NZ_CP027166.1	92.691	301	22	0	1	301	3410120	3409820	2.43e-130	475
Int1_Pc_Pattern	NZ_CP027174.1	97.830	1014	22	0	1	1014	4949281	4948268	0.0	1792
Int1_Pc_Pattern	NZ_CP027174.1	97.830	1014	22	0	1	1014	5934737	5935750	0.0	1792
Int1_Pc_Pattern	NZ_CP027174.1	92.691	301	22	0	1	301	4961106	4960806	2.43e-130	475
Int1_Pc_Pattern	NZ_CP027171.1	97.830	1014	22	0	1	1014	327548	326535	0.0	1792
Int1_Pc_Pattern	NZ_CP027171.1	97.830	1014	22	0	1	1014	339529	340542	0.0	1792
Int1_Pc_Pattern	NZ_JPEY01000001.1	97.830	1014	22	0	1	1014	2001507	2000494	0.0	1792
Int1_Pc_Pattern	NZ_PQGF01000121.1	97.830	1014	22	0	1	1014	1185	172	0.0	1792
Int1_Pc_Pattern	NZ_CP025054.1	97.830	1014	22	0	1	1014	47891	46878	0.0	1792
Int1_Pc_Pattern	NZ_NXHS01000023.1	97.830	1014	22	0	1	1014	93490	92477	0.0	1792
Int1_Pc_Pattern	NZ_NRFQ01000002.1	97.830	1014	22	0	1	1014	177703	176690	0.0	1792
Int1_Pc_Pattern	NZ_NMPU01000008.1	97.830	1014	22	0	1	1014	20943	19930	0.0	1792
Int1_Pc_Pattern	NZ_CP017293.1	97.830	1014	22	0	1	1014	383462	384475	0.0	1792
Int1_Pc_Pattern	NZ_CP017293.1	97.830	1014	22	0	1	1014	3160934	3159921	0.0	1792
Int1_Pc_Pattern	NZ_CP017293.1	97.830	1014	22	0	1	1014	6205471	6204458	0.0	1792
Int1_Pc_Pattern	NZ_CP017293.1	97.830	1014	22	0	1	1014	6218626	6217613	0.0	1792
Int1_Pc_Pattern	NZ_CP017293.1	92.691	301	22	0	1	301	6230451	6230151	2.43e-130	475
Int1_Pc_Pattern	NZ_CP022000.1	97.830	1014	22	0	1	1014	7116060	7117073	0.0	1792
Int1_Pc_Pattern	NZ_NIJE01000146.1	97.830	1014	22	0	1	1014	142	1155	0.0	1792
Int1_Pc_Pattern	NZ_NIIX01000094.1	97.830	1014	22	0	1	1014	4242	5255	0.0	1792
Int1_Pc_Pattern	NZ_NIJD01000051.1	97.830	1014	22	0	1	1014	34044	35057	0.0	1792
Int1_Pc_Pattern	NZ_NIPD01000086.1	97.830	1014	22	0	1	1014	18649	19662	0.0	1792
Int1_Pc_Pattern	NZ_NBEZ01000075.1	97.830	1014	22	0	1	1014	1120	107	0.0	1792
Int1_Pc_Pattern	NZ_MWKP01000308.1	97.830	1014	22	0	1	1014	65469	64456	0.0	1792
Int1_Pc_Pattern	NZ_NDFQ01000108.1	97.830	1014	22	0	1	1014	1216	203	0.0	1792
Int1_Pc_Pattern	NZ_CP020703.1	97.830	1014	22	0	1	1014	6240155	6241168	0.0	1792
Int1_Pc_Pattern	NZ_CP020703.1	97.830	1014	22	0	1	1014	6245754	6246767	0.0	1792
Int1_Pc_Pattern	NZ_CP020704.1	97.830	1014	22	0	1	1014	6332093	6333106	0.0	1792
Int1_Pc_Pattern	NZ_CP020704.1	97.830	1014	22	0	1	1014	6337692	6338705	0.0	1792
Int1_Pc_Pattern	NZ_CP020603.1	97.830	1014	22	0	1	1014	2528945	2529958	0.0	1792
Int1_Pc_Pattern	NZ_CP020603.1	97.830	1014	22	0	1	1014	2553260	2552247	0.0	1792
Int1_Pc_Pattern	NZ_CP020603.1	97.830	1014	22	0	1	1014	5359493	5358480	0.0	1792
Int1_Pc_Pattern	NZ_CP016955.1	97.830	1014	22	0	1	1014	2160452	2159439	0.0	1792
Int1_Pc_Pattern	NZ_CP016955.1	97.830	1014	22	0	1	1014	3705883	3706896	0.0	1792
Int1_Pc_Pattern	NZ_MZND01000250.1	97.830	1014	22	0	1	1014	237	1250	0.0	1792
Int1_Pc_Pattern	NZ_MPCQ01000050.1	97.830	1014	22	0	1	1014	4189	5202	0.0	1792
Int1_Pc_Pattern	NZ_MPVC01000040.1	97.830	1014	22	0	1	1014	1216	203	0.0	1792
Int1_Pc_Pattern	NZ_MPVI01000134.1	97.830	1014	22	0	1	1014	1216	203	0.0	1792
Int1_Pc_Pattern	NZ_MPUQ01000092.1	97.830	1014	22	0	1	1014	1191	178	0.0	1792
Int1_Pc_Pattern	NZ_MPBO01000005.1	97.830	1014	22	0	1	1014	357119	356106	0.0	1792
Int1_Pc_Pattern	NZ_MPBO01000002.1	97.830	1014	22	0	1	1014	512135	513148	0.0	1792
Int1_Pc_Pattern	NZ_MPBQ01000001.1	97.830	1014	22	0	1	1014	724228	723215	0.0	1792
Int1_Pc_Pattern	NZ_MPBQ01000001.1	97.830	1014	22	0	1	1014	737584	738597	0.0	1792
Int1_Pc_Pattern	NZ_LZQH01000024.1	97.830	1014	22	0	1	1014	38869	37856	0.0	1792
Int1_Pc_Pattern	NZ_LZQI01000058.1	97.830	1014	22	0	1	1014	4667	5680	0.0	1792
Int1_Pc_Pattern	NZ_LZQE01000032.1	97.830	1014	22	0	1	1014	3439	2426	0.0	1792
Int1_Pc_Pattern	NZ_CP016215.1	97.830	1014	22	0	1	1014	55642	54629	0.0	1792
Int1_Pc_Pattern	NZ_CP016215.1	97.627	927	22	0	1	927	97831	98757	0.0	1631
Int1_Pc_Pattern	NZ_CP016215.1	100.000	90	0	0	925	1014	99372	99461	1.66e-37	167
Int1_Pc_Pattern	NZ_LRYR01000014.1	97.830	1014	22	0	1	1014	19407	20420	0.0	1792
Int1_Pc_Pattern	NZ_LRYG01000030.1	97.830	1014	22	0	1	1014	1583	2596	0.0	1792
Int1_Pc_Pattern	NZ_LRYD01000059.1	97.830	1014	22	0	1	1014	1510	2523	0.0	1792
Int1_Pc_Pattern	NZ_AP014651.1	97.830	1014	22	0	1	1014	327335	328348	0.0	1792
Int1_Pc_Pattern	NZ_AP014651.1	97.830	1014	22	0	1	1014	5292129	5291116	0.0	1792
Int1_Pc_Pattern	NZ_AP014651.1	92.691	301	22	0	1	301	317059	317359	2.43e-130	475
Int1_Pc_Pattern	NZ_AP014651.1	92.691	301	22	0	1	301	5302016	5301716	2.43e-130	475
Int1_Pc_Pattern	NZ_CP008857.1	97.830	1014	22	0	1	1014	6669527	6668514	0.0	1792
Int1_Pc_Pattern	NZ_LODN01000060.1	97.830	1014	22	0	1	1014	3997	5010	0.0	1792
Int1_Pc_Pattern	NZ_LLVG01000085.1	97.830	1014	22	0	1	1014	11708	10695	0.0	1792
Int1_Pc_Pattern	NZ_LLTZ01000057.1	97.830	1014	22	0	1	1014	1355	342	0.0	1792
Int1_Pc_Pattern	NZ_LLVJ01000085.1	97.830	1014	22	0	1	1014	4515	5528	0.0	1792
Int1_Pc_Pattern	NZ_LLUS01000093.1	97.830	1014	22	0	1	1014	186019	185006	0.0	1792
Int1_Pc_Pattern	NZ_LLUN01000040.1	97.830	1014	22	0	1	1014	3380	2367	0.0	1792
Int1_Pc_Pattern	NZ_LLUC01000050.1	97.830	1014	22	0	1	1014	1354	341	0.0	1792
Int1_Pc_Pattern	NZ_LLUE01000001.1	97.830	1014	22	0	1	1014	137300	136287	0.0	1792
Int1_Pc_Pattern	NZ_LLTS01000014.1	97.830	1014	22	0	1	1014	1216	203	0.0	1792
Int1_Pc_Pattern	NZ_LLSL01000051.1	97.830	1014	22	0	1	1014	1216	203	0.0	1792
Int1_Pc_Pattern	NZ_LLPY01000042.1	97.830	1014	22	0	1	1014	3318	4331	0.0	1792
Int1_Pc_Pattern	NZ_LLTV01000026.1	97.830	1014	22	0	1	1014	1871	2884	0.0	1792
Int1_Pc_Pattern	NZ_LLTF01000253.1	97.830	1014	22	0	1	1014	30012	28999	0.0	1792
Int1_Pc_Pattern	NZ_LLSX01000068.1	97.830	1014	22	0	1	1014	2247	3260	0.0	1792
Int1_Pc_Pattern	NZ_LLSK01000316.1	97.830	1014	22	0	1	1014	23	1036	0.0	1792
Int1_Pc_Pattern	NZ_LLSJ01000001.1	97.830	1014	22	0	1	1014	628261	627248	0.0	1792
Int1_Pc_Pattern	NZ_LLSI01000113.1	97.830	1014	22	0	1	1014	186103	185090	0.0	1792
Int1_Pc_Pattern	NZ_LLSF01000116.1	97.830	1014	22	0	1	1014	1216	203	0.0	1792
Int1_Pc_Pattern	NZ_LLRP01000070.1	97.830	1014	22	0	1	1014	8127	9140	0.0	1792
Int1_Pc_Pattern	NZ_LLRN01000075.1	97.830	1014	22	0	1	1014	1216	203	0.0	1792
Int1_Pc_Pattern	NZ_LLPL01000071.1	97.830	1014	22	0	1	1014	21037	22050	0.0	1792
Int1_Pc_Pattern	NZ_LLPC01000039.1	97.830	1014	22	0	1	1014	2661	1648	0.0	1792
Int1_Pc_Pattern	NZ_LLOP01000029.1	97.830	1014	22	0	1	1014	162817	161804	0.0	1792
Int1_Pc_Pattern	NZ_LLOL01000031.1	97.830	1014	22	0	1	1014	5249	6262	0.0	1792
Int1_Pc_Pattern	NZ_LLNV01000096.1	97.830	1014	22	0	1	1014	1872	2885	0.0	1792
Int1_Pc_Pattern	NZ_LLNR01000086.1	97.830	1014	22	0	1	1014	5197	6210	0.0	1792
Int1_Pc_Pattern	NZ_LLMD01000002.1	97.830	1014	22	0	1	1014	71404	72417	0.0	1792
Int1_Pc_Pattern	NZ_LLMA01000078.1	97.830	1014	22	0	1	1014	183258	182245	0.0	1792
Int1_Pc_Pattern	NZ_LLLX01000002.1	97.830	1014	22	0	1	1014	183258	182245	0.0	1792
Int1_Pc_Pattern	NZ_LLLU01000049.1	97.830	1014	22	0	1	1014	24236	25249	0.0	1792
Int1_Pc_Pattern	NZ_LLLB01000019.1	97.830	1014	22	0	1	1014	75009	76022	0.0	1792
Int1_Pc_Pattern	NZ_CWFH01000038.1	97.830	1014	22	0	1	1014	3052	2039	0.0	1792
Int1_Pc_Pattern	NZ_CVXN01000005.1	97.830	1014	22	0	1	1014	5305	4292	0.0	1792
Int1_Pc_Pattern	NZ_CVWZ01000178.1	97.830	1014	22	0	1	1014	8816	9829	0.0	1792
Int1_Pc_Pattern	NZ_CVXH01000194.1	97.830	1014	22	0	1	1014	5305	4292	0.0	1792
Int1_Pc_Pattern	NZ_CVXC01000004.1	97.830	1014	22	0	1	1014	8816	9829	0.0	1792
Int1_Pc_Pattern	NZ_CWGG01000178.1	97.830	1014	22	0	1	1014	8816	9829	0.0	1792
Int1_Pc_Pattern	NZ_CVVQ01000021.1	97.830	1014	22	0	1	1014	5305	4292	0.0	1792
Int1_Pc_Pattern	NZ_CVVM01000189.1	97.830	1014	22	0	1	1014	5305	4292	0.0	1792
Int1_Pc_Pattern	NZ_CVWX01000168.1	97.830	1014	22	0	1	1014	5305	4292	0.0	1792
Int1_Pc_Pattern	NZ_CVUN01000192.1	97.830	1014	22	0	1	1014	5305	4292	0.0	1792
Int1_Pc_Pattern	NZ_CVUW01000008.1	97.830	1014	22	0	1	1014	8454	9467	0.0	1792
Int1_Pc_Pattern	NZ_CWER01000165.1	97.830	1014	22	0	1	1014	2933	1920	0.0	1792
Int1_Pc_Pattern	NZ_CVWB01000082.1	97.830	1014	22	0	1	1014	7135	8148	0.0	1792
Int1_Pc_Pattern	NZ_CVWR01000046.1	97.830	1014	22	0	1	1014	5305	4292	0.0	1792
Int1_Pc_Pattern	NZ_CVWQ01000099.1	97.830	1014	22	0	1	1014	72945	71932	0.0	1792
Int1_Pc_Pattern	NZ_CVWT01000555.1	97.830	1014	22	0	1	1014	698	1711	0.0	1792
Int1_Pc_Pattern	NZ_CVWM01000015.1	97.830	1014	22	0	1	1014	4250	3237	0.0	1792
Int1_Pc_Pattern	NZ_CVWD01000089.1	97.830	1014	22	0	1	1014	3160	4173	0.0	1792
Int1_Pc_Pattern	NZ_CVWE01000137.1	97.830	1014	22	0	1	1014	5915	6928	0.0	1792
Int1_Pc_Pattern	NZ_CVWH01000168.1	97.830	1014	22	0	1	1014	8816	9829	0.0	1792
Int1_Pc_Pattern	NZ_CVVR01000181.1	97.830	1014	22	0	1	1014	16787	17800	0.0	1792
Int1_Pc_Pattern	NZ_CVUJ01000189.1	97.830	1014	22	0	1	1014	191	1204	0.0	1792
Int1_Pc_Pattern	NZ_CVVP01000224.1	97.830	1014	22	0	1	1014	5305	4292	0.0	1792
Int1_Pc_Pattern	NZ_CVUS01000017.1	97.830	1014	22	0	1	1014	5305	4292	0.0	1792
Int1_Pc_Pattern	NZ_CVVS01000315.1	97.830	1014	22	0	1	1014	5305	4292	0.0	1792
Int1_Pc_Pattern	NZ_CVVK01000198.1	97.830	1014	22	0	1	1014	5305	4292	0.0	1792
Int1_Pc_Pattern	NZ_CVVO01000019.1	97.830	1014	22	0	1	1014	698	1711	0.0	1792
Int1_Pc_Pattern	NZ_CVUQ01000007.1	97.830	1014	22	0	1	1014	5305	4292	0.0	1792
Int1_Pc_Pattern	NZ_CVVN01000218.1	97.830	1014	22	0	1	1014	5305	4292	0.0	1792
Int1_Pc_Pattern	NZ_CVUR01000201.1	97.830	1014	22	0	1	1014	8816	9829	0.0	1792
Int1_Pc_Pattern	NZ_CVUU01000071.1	97.830	1014	22	0	1	1014	1216	203	0.0	1792
Int1_Pc_Pattern	NZ_CVVE01000152.1	97.830	1014	22	0	1	1014	5305	4292	0.0	1792
Int1_Pc_Pattern	NZ_CVUO01000202.1	97.830	1014	22	0	1	1014	8816	9829	0.0	1792
Int1_Pc_Pattern	NZ_CVVU01000104.1	97.830	1014	22	0	1	1014	1217	204	0.0	1792
Int1_Pc_Pattern	NZ_CVVY01000247.1	97.830	1014	22	0	1	1014	2755	1742	0.0	1792
Int1_Pc_Pattern	NZ_CVVD01000223.1	97.830	1014	22	0	1	1014	8816	9829	0.0	1792
Int1_Pc_Pattern	NZ_CVVW01000052.1	97.830	1014	22	0	1	1014	8990	7977	0.0	1792
Int1_Pc_Pattern	NZ_CWEU01000102.1	97.830	1014	22	0	1	1014	1216	203	0.0	1792
Int1_Pc_Pattern	NZ_CVXP01000032.1	97.830	1014	22	0	1	1014	8816	9829	0.0	1792
Int1_Pc_Pattern	NZ_CWFP01000391.1	97.830	1014	22	0	1	1014	22476	23489	0.0	1792
Int1_Pc_Pattern	NZ_CVUK01000179.1	97.830	1014	22	0	1	1014	8816	9829	0.0	1792
Int1_Pc_Pattern	NZ_CVVB01000046.1	97.830	1014	22	0	1	1014	711	1724	0.0	1792
Int1_Pc_Pattern	NZ_CVUZ01000128.1	97.830	1014	22	0	1	1014	191	1204	0.0	1792
Int1_Pc_Pattern	NZ_CWGH01000059.1	97.830	1014	22	0	1	1014	704	1717	0.0	1792
Int1_Pc_Pattern	NZ_CVWS01000200.1	97.830	1014	22	0	1	1014	191	1204	0.0	1792
Int1_Pc_Pattern	NZ_CVWA01000064.1	97.830	1014	22	0	1	1014	698	1711	0.0	1792
Int1_Pc_Pattern	NZ_LFMT01000001.1	97.830	1014	22	0	1	1014	3961848	3960835	0.0	1792
Int1_Pc_Pattern	NZ_LFMT01000001.1	97.830	1014	22	0	1	1014	6565163	6564150	0.0	1792
Int1_Pc_Pattern	NZ_LFMQ01000021.1	97.830	1014	22	0	1	1014	850423	851436	0.0	1792
Int1_Pc_Pattern	NZ_LFMO01000007.1	97.830	1014	22	0	1	1014	2600575	2601588	0.0	1792
Int1_Pc_Pattern	NZ_LFMU01000010.1	97.830	1014	22	0	1	1014	2553997	2552984	0.0	1792
Int1_Pc_Pattern	NZ_LFMU01000010.1	97.830	1014	22	0	1	1014	5151406	5150393	0.0	1792
Int1_Pc_Pattern	NZ_JUMF01000823.1	97.830	1014	22	0	1	1014	1966	2979	0.0	1792
Int1_Pc_Pattern	NZ_CDAZ01000032.1	97.830	1014	22	0	1	1014	91451	92464	0.0	1792
Int1_Pc_Pattern	NZ_CP011370.1	97.830	1014	22	0	1	1014	134951	133938	0.0	1792
Int1_Pc_Pattern	NZ_AP014622.1	97.830	1014	22	0	1	1014	1451325	1452338	0.0	1792
Int1_Pc_Pattern	NZ_AP014622.1	97.830	1014	22	0	1	1014	3807991	3809004	0.0	1792
Int1_Pc_Pattern	NZ_AP014622.1	97.830	1014	22	0	1	1014	3832306	3831293	0.0	1792
Int1_Pc_Pattern	NZ_JMBS02000036.1	97.830	1014	22	0	1	1014	35	1048	0.0	1792
Int1_Pc_Pattern	NZ_SGYG01000004.1	97.830	1014	22	0	1	1014	12608	11595	0.0	1792
Int1_Pc_Pattern	NZ_SGYG01000002.1	97.830	1014	22	0	1	1014	32408	31395	0.0	1792
Int1_Pc_Pattern	NZ_SGYF01000004.1	97.830	1014	22	0	1	1014	7692	6679	0.0	1792
Int1_Pc_Pattern	NZ_SGYF01000004.1	97.732	1014	22	1	1	1014	77317	76305	0.0	1784
Int1_Pc_Pattern	NZ_SGYF01000002.1	97.830	1014	22	0	1	1014	156784	155771	0.0	1792
Int1_Pc_Pattern	NZ_SGYA01000004.1	97.830	1014	22	0	1	1014	28581	29594	0.0	1792
Int1_Pc_Pattern	NZ_SGYA01000002.1	97.830	1014	22	0	1	1014	227859	228872	0.0	1792
Int1_Pc_Pattern	NZ_SGYD01000006.1	97.830	1014	22	0	1	1014	21032	20019	0.0	1792
Int1_Pc_Pattern	NZ_SGYD01000002.1	97.830	1014	22	0	1	1014	149929	148916	0.0	1792
Int1_Pc_Pattern	NZ_SGYB01000005.1	97.830	1014	22	0	1	1014	65134	66147	0.0	1792
Int1_Pc_Pattern	NZ_SGYB01000003.1	97.830	1014	22	0	1	1014	235035	236048	0.0	1792
Int1_Pc_Pattern	NZ_SGXZ01000006.1	97.830	1014	22	0	1	1014	36180	35167	0.0	1792
Int1_Pc_Pattern	NZ_SGXZ01000004.1	97.830	1014	22	0	1	1014	93489	94502	0.0	1792
Int1_Pc_Pattern	NZ_CP050374.1	97.830	1014	22	0	1	1014	85390	86403	0.0	1792
Int1_Pc_Pattern	NZ_CP050374.1	97.830	1014	22	0	1	1014	98424	97411	0.0	1792
Int1_Pc_Pattern	NZ_AP023338.1	97.830	1014	22	0	1	1014	132594	131581	0.0	1792
Int1_Pc_Pattern	NZ_JAARMH010000067.1	97.830	1014	22	0	1	1014	1219	206	0.0	1792
Int1_Pc_Pattern	NZ_JAAQSK010000060.1	97.830	1014	22	0	1	1014	635	1648	0.0	1792
Int1_Pc_Pattern	NZ_JAAQSJ010000070.1	97.830	1014	22	0	1	1014	140	1153	0.0	1792
Int1_Pc_Pattern	NZ_JAAQTE010000039.1	97.830	1014	22	0	1	1014	5797	4784	0.0	1792
Int1_Pc_Pattern	NZ_JAAQTF010000071.1	97.830	1014	22	0	1	1014	1216	203	0.0	1792
Int1_Pc_Pattern	NZ_CP054172.1	97.830	1014	22	0	1	1014	25580	26593	0.0	1792
Int1_Pc_Pattern	NZ_CP060423.1	97.830	1014	22	0	1	1014	39021	38008	0.0	1792
Int1_Pc_Pattern	NZ_CP060423.1	97.241	1015	22	4	1	1014	16517	15508	0.0	1755
Int1_Pc_Pattern	NZ_CP060421.1	97.830	1014	22	0	1	1014	2760351	2759338	0.0	1792
Int1_Pc_Pattern	NZ_JAAQSM010000038.1	97.830	1014	22	0	1	1014	76	1089	0.0	1792
Int1_Pc_Pattern	NZ_JAAQSQ010000043.1	97.830	1014	22	0	1	1014	1025	12	0.0	1792
Int1_Pc_Pattern	NZ_JAAQSZ010000078.1	97.830	1014	22	0	1	1014	140	1153	0.0	1792
Int1_Pc_Pattern	NZ_JAAQSS010000067.1	97.830	1014	22	0	1	1014	140	1153	0.0	1792
Int1_Pc_Pattern	NZ_JAAQSE010000044.1	97.830	1014	22	0	1	1014	1496	483	0.0	1792
Int1_Pc_Pattern	NZ_CP059469.1	97.830	1014	22	0	1	1014	139049	140062	0.0	1792
Int1_Pc_Pattern	NZ_CP059469.1	97.830	1014	22	0	1	1014	282554	283567	0.0	1792
Int1_Pc_Pattern	NZ_JAAQTI010000063.1	97.830	1014	22	0	1	1014	1216	203	0.0	1792
Int1_Pc_Pattern	NZ_JAAQPL010000092.1	97.830	1014	22	0	1	1014	120	1133	0.0	1792
Int1_Pc_Pattern	NZ_JAAQOL010000033.1	97.830	1014	22	0	1	1014	41425	40412	0.0	1792
Int1_Pc_Pattern	NZ_SPUF01000034.1	97.830	1014	22	0	1	1014	6450	7463	0.0	1792
Int1_Pc_Pattern	NZ_JAANCZ010000038.1	97.830	1014	22	0	1	1014	5342	6355	0.0	1792
Int1_Pc_Pattern	NZ_JAANCY010000039.1	97.830	1014	22	0	1	1014	5342	6355	0.0	1792
Int1_Pc_Pattern	NZ_JAALCB010000085.1	97.830	1014	22	0	1	1014	40	1053	0.0	1792
Int1_Pc_Pattern	NZ_JAALCC010000089.1	97.830	1014	22	0	1	1014	40	1053	0.0	1792
Int1_Pc_Pattern	NZ_JAALAV010000086.1	97.830	1014	22	0	1	1014	40	1053	0.0	1792
Int1_Pc_Pattern	NZ_CP034319.1	97.830	1014	22	0	1	1014	39414	40427	0.0	1792
Int1_Pc_Pattern	NZ_RSEZ01000005.1	97.830	1014	22	0	1	1014	40631	41644	0.0	1792
Int1_Pc_Pattern	NZ_JAAKYK010000066.1	97.830	1014	22	0	1	1014	1197	184	0.0	1792
Int1_Pc_Pattern	NZ_JAAKYD010000067.1	97.830	1014	22	0	1	1014	1197	184	0.0	1792
Int1_Pc_Pattern	NZ_JAAKYT010000053.1	97.830	1014	22	0	1	1014	2311	3324	0.0	1792
Int1_Pc_Pattern	NZ_SBEB01000098.1	97.830	1014	22	0	1	1014	2100	3113	0.0	1792
Int1_Pc_Pattern	NZ_SBDY01000131.1	97.830	1014	22	0	1	1014	116	1129	0.0	1792
Int1_Pc_Pattern	NZ_SBDW01000090.1	97.830	1014	22	0	1	1014	2011	3024	0.0	1792
Int1_Pc_Pattern	NZ_SBDV01000086.1	97.830	1014	22	0	1	1014	1709	696	0.0	1792
Int1_Pc_Pattern	NZ_SBDU01000087.1	97.830	1014	22	0	1	1014	2102	3115	0.0	1792
Int1_Pc_Pattern	NZ_SBDL01000088.1	97.830	1014	22	0	1	1014	1236	223	0.0	1792
Int1_Pc_Pattern	NZ_SBDK01000084.1	97.830	1014	22	0	1	1014	1233	220	0.0	1792
Int1_Pc_Pattern	NZ_SBDJ01000077.1	97.830	1014	22	0	1	1014	1232	219	0.0	1792
Int1_Pc_Pattern	NZ_SBDH01000141.1	97.830	1014	22	0	1	1014	1645	2658	0.0	1792
Int1_Pc_Pattern	NZ_SBDI01000076.1	97.830	1014	22	0	1	1014	2875	3888	0.0	1792
Int1_Pc_Pattern	NZ_SBDD01000054.1	97.830	1014	22	0	1	1014	11343	12356	0.0	1792
Int1_Pc_Pattern	NZ_SBDD01000054.1	100.000	32	0	0	270	301	1436	1467	2.90e-05	60.2
Int1_Pc_Pattern	NZ_SBDB01000079.1	97.830	1014	22	0	1	1014	2875	3888	0.0	1792
Int1_Pc_Pattern	NZ_SBDA01000096.1	97.830	1014	22	0	1	1014	2876	3889	0.0	1792
Int1_Pc_Pattern	NZ_SBCY01000061.1	97.830	1014	22	0	1	1014	6145	7158	0.0	1792
Int1_Pc_Pattern	NZ_SBCR01000071.1	97.830	1014	22	0	1	1014	217	1230	0.0	1792
Int1_Pc_Pattern	NZ_SBCK01000123.1	97.830	1014	22	0	1	1014	119	1132	0.0	1792
Int1_Pc_Pattern	NZ_SBCJ01000049.1	97.830	1014	22	0	1	1014	19741	18728	0.0	1792
Int1_Pc_Pattern	NZ_SBCI01000035.1	97.830	1014	22	0	1	1014	8282	9295	0.0	1792
Int1_Pc_Pattern	NZ_SBCH01000044.1	97.830	1014	22	0	1	1014	11918	10905	0.0	1792
Int1_Pc_Pattern	NZ_SBCD01000163.1	97.830	1014	22	0	1	1014	5136	4123	0.0	1792
Int1_Pc_Pattern	NZ_SBCA01000039.1	97.830	1014	22	0	1	1014	30836	29823	0.0	1792
Int1_Pc_Pattern	NZ_JAAJSX010000026.1	97.830	1014	22	0	1	1014	11315	12328	0.0	1792
Int1_Pc_Pattern	NZ_JAAJST010000026.1	97.830	1014	22	0	1	1014	9598	10611	0.0	1792
Int1_Pc_Pattern	NZ_JAAJSQ010000028.1	97.830	1014	22	0	1	1014	2203	3216	0.0	1792
Int1_Pc_Pattern	NZ_JAAJSK010000034.1	97.830	1014	22	0	1	1014	5359	6372	0.0	1792
Int1_Pc_Pattern	NZ_JAAJSF010000030.1	97.830	1014	22	0	1	1014	2164	1151	0.0	1792
Int1_Pc_Pattern	NZ_JAAJSA010000061.1	97.830	1014	22	0	1	1014	1217	204	0.0	1792
Int1_Pc_Pattern	NZ_JAAJSB010000032.1	97.830	1014	22	0	1	1014	2164	1151	0.0	1792
Int1_Pc_Pattern	NZ_JAAJSG010000025.1	97.830	1014	22	0	1	1014	14653	13640	0.0	1792
Int1_Pc_Pattern	NZ_CP039809.1	97.830	1014	22	0	1	1014	80537	79524	0.0	1792
Int1_Pc_Pattern	NZ_CP030310.1	97.830	1014	22	0	1	1014	4466	3453	0.0	1792
Int1_Pc_Pattern	NZ_CP030310.1	92.691	301	22	0	1	301	33934	33634	2.43e-130	475
Int1_Pc_Pattern	NZ_CP030310.1	100.000	224	0	0	791	1014	27365	27142	5.37e-112	414
Int1_Pc_Pattern	NZ_CP030310.1	100.000	81	0	0	1	81	28265	28185	1.67e-32	150
Int1_Pc_Pattern	NZ_CP030308.1	97.830	1014	22	0	1	1014	65512	64499	0.0	1792
Int1_Pc_Pattern	NZ_CP030304.1	97.830	1014	22	0	1	1014	113643	112630	0.0	1792
Int1_Pc_Pattern	NZ_CP030294.1	97.830	1014	22	0	1	1014	134333	133320	0.0	1792
Int1_Pc_Pattern	NZ_PDFG01000051.1	97.830	1014	22	0	1	1014	9107	10120	0.0	1792
Int1_Pc_Pattern	NZ_WHZG01000062.1	97.830	1014	22	0	1	1014	1838	2851	0.0	1792
Int1_Pc_Pattern	NZ_JAAASL010000053.1	97.830	1014	22	0	1	1014	24196	25209	0.0	1792
Int1_Pc_Pattern	NZ_JAAASJ010000109.1	97.830	1014	22	0	1	1014	5315	6328	0.0	1792
Int1_Pc_Pattern	NZ_JAAASO010000131.1	97.830	1014	22	0	1	1014	5363	6376	0.0	1792
Int1_Pc_Pattern	NZ_JAAASN010000091.1	97.830	1014	22	0	1	1014	1588	575	0.0	1792
Int1_Pc_Pattern	NZ_JAAASK010000063.1	97.830	1014	22	0	1	1014	1590	577	0.0	1792
Int1_Pc_Pattern	NZ_JAAASR010000052.1	97.830	1014	22	0	1	1014	6517	7530	0.0	1792
Int1_Pc_Pattern	NZ_JAAATC010000149.1	97.830	1014	22	0	1	1014	837	1850	0.0	1792
Int1_Pc_Pattern	NZ_JAAASQ010000079.1	97.830	1014	22	0	1	1014	1217	204	0.0	1792
Int1_Pc_Pattern	NZ_JAAASU010000248.1	97.830	1014	22	0	1	1014	1666	653	0.0	1792
Int1_Pc_Pattern	NZ_JAAASW010000231.1	97.830	1014	22	0	1	1014	41344	42357	0.0	1792
Int1_Pc_Pattern	NZ_JAAATF010000109.1	97.830	1014	22	0	1	1014	5323	6336	0.0	1792
Int1_Pc_Pattern	NZ_RPFA01000029.1	97.830	1014	22	0	1	1014	2708	1695	0.0	1792
Int1_Pc_Pattern	NZ_RPFI01000045.1	97.830	1014	22	0	1	1014	4938	3925	0.0	1792
Int1_Pc_Pattern	NZ_VHOD01000086.1	97.830	1014	22	0	1	1014	1594	581	0.0	1792
Int1_Pc_Pattern	NZ_WYAL01000068.1	97.830	1014	22	0	1	1014	1498	485	0.0	1792
Int1_Pc_Pattern	NZ_CP045677.1	97.830	1014	22	0	1	1014	27227	26214	0.0	1792
Int1_Pc_Pattern	NZ_CP045676.1	97.830	1014	22	0	1	1014	10806	9793	0.0	1792
Int1_Pc_Pattern	NZ_WVVY01000049.1	97.830	1014	22	0	1	1014	3364	4377	0.0	1792
Int1_Pc_Pattern	NZ_WULM01000044.1	97.830	1014	22	0	1	1014	5379	6392	0.0	1792
Int1_Pc_Pattern	NZ_VTBJ01000318.1	97.830	1014	22	0	1	1014	1190	2203	0.0	1792
Int1_Pc_Pattern	NZ_CP046940.1	97.830	1014	22	0	1	1014	45160	44147	0.0	1792
Int1_Pc_Pattern	NZ_CP046940.1	97.239	1014	24	2	1	1014	2808	3817	0.0	1755
Int1_Pc_Pattern	NZ_WMHR01000002.1	97.830	1014	22	0	1	1014	123649	122636	0.0	1792
Int1_Pc_Pattern	NZ_WMHT01000003.1	97.830	1014	22	0	1	1014	44477	43464	0.0	1792
Int1_Pc_Pattern	NZ_CP046382.1	97.830	1014	22	0	1	1014	74847	75860	0.0	1792
Int1_Pc_Pattern	NZ_CP046382.1	97.830	1014	22	0	1	1014	117201	116188	0.0	1792
Int1_Pc_Pattern	NZ_WMJV01000044.1	97.830	1014	22	0	1	1014	1580	567	0.0	1792
Int1_Pc_Pattern	NZ_WMJT01000047.1	97.830	1014	22	0	1	1014	1812	799	0.0	1792
Int1_Pc_Pattern	NZ_WMJF01000045.1	97.830	1014	22	0	1	1014	1578	565	0.0	1792
Int1_Pc_Pattern	NZ_WMIQ01000038.1	97.830	1014	22	0	1	1014	1578	565	0.0	1792
Int1_Pc_Pattern	NZ_VINI01000103.1	97.830	1014	22	0	1	1014	1216	203	0.0	1792
Int1_Pc_Pattern	NZ_WJWM02000003.1	97.830	1014	22	0	1	1014	3871	2858	0.0	1792
Int1_Pc_Pattern	NZ_WJWM02000003.1	97.830	1014	22	0	1	1014	78064	77051	0.0	1792
Int1_Pc_Pattern	NZ_WJWN02000002.1	97.830	1014	22	0	1	1014	112986	111973	0.0	1792
Int1_Pc_Pattern	NZ_WJVY01000028.1	97.830	1014	22	0	1	1014	5005	3992	0.0	1792
Int1_Pc_Pattern	NZ_CP035212.1	97.830	1014	22	0	1	1014	42824	41811	0.0	1792
Int1_Pc_Pattern	NZ_VSJW01000033.1	97.830	1014	22	0	1	1014	41451	40438	0.0	1792
Int1_Pc_Pattern	NZ_VSJV01000007.1	97.830	1014	22	0	1	1014	9491	10504	0.0	1792
Int1_Pc_Pattern	NZ_VSKA01000156.1	97.830	1014	22	0	1	1014	4520	5533	0.0	1792
Int1_Pc_Pattern	NZ_VSKI01000043.1	97.830	1014	22	0	1	1014	11986	12999	0.0	1792
Int1_Pc_Pattern	NZ_VXJB01000006.1	97.830	1014	22	0	1	1014	95027	94014	0.0	1792
Int1_Pc_Pattern	NZ_VXIY01000013.1	97.830	1014	22	0	1	1014	44412	43399	0.0	1792
Int1_Pc_Pattern	NZ_VXIZ01000004.1	97.830	1014	22	0	1	1014	49764	48751	0.0	1792
Int1_Pc_Pattern	NZ_VXIZ01000012.1	97.830	1014	22	0	1	1014	18183	17170	0.0	1792
Int1_Pc_Pattern	NZ_VXJG01000006.1	97.830	1014	22	0	1	1014	75555	76568	0.0	1792
Int1_Pc_Pattern	NZ_VXIX01000003.1	97.830	1014	22	0	1	1014	226304	227317	0.0	1792
Int1_Pc_Pattern	NZ_VONE01000003.1	97.830	1014	22	0	1	1014	40236	41249	0.0	1792
Int1_Pc_Pattern	NZ_VONA01000049.1	97.830	1014	22	0	1	1014	8699	9712	0.0	1792
Int1_Pc_Pattern	NZ_VOMV01000003.1	97.830	1014	22	0	1	1014	6752	5739	0.0	1792
Int1_Pc_Pattern	NZ_VOMO01000083.1	97.830	1014	22	0	1	1014	1325	2338	0.0	1792
Int1_Pc_Pattern	NZ_VUDH01000082.1	97.830	1014	22	0	1	1014	222	1235	0.0	1792
Int1_Pc_Pattern	NZ_VUDD01000038.1	97.830	1014	22	0	1	1014	49774	48761	0.0	1792
Int1_Pc_Pattern	NZ_VUDB01000033.1	97.830	1014	22	0	1	1014	1970	2983	0.0	1792
Int1_Pc_Pattern	NZ_VUDC01000047.1	97.830	1014	22	0	1	1014	5306	6319	0.0	1792
Int1_Pc_Pattern	NZ_VUDA01000061.1	97.830	1014	22	0	1	1014	1571	558	0.0	1792
Int1_Pc_Pattern	NZ_VUCZ01000037.1	97.830	1014	22	0	1	1014	1570	557	0.0	1792
Int1_Pc_Pattern	NZ_VUCU01000074.1	97.830	1014	22	0	1	1014	1572	559	0.0	1792
Int1_Pc_Pattern	NZ_VUCT01000059.1	97.830	1014	22	0	1	1014	5309	6322	0.0	1792
Int1_Pc_Pattern	NZ_VUCS01000058.1	97.830	1014	22	0	1	1014	5291	4278	0.0	1792
Int1_Pc_Pattern	NZ_VUCD01000129.1	97.830	1014	22	0	1	1014	1874	861	0.0	1792
Int1_Pc_Pattern	NZ_VUBV01000051.1	97.830	1014	22	0	1	1014	5308	6321	0.0	1792
Int1_Pc_Pattern	NZ_VUBS01000086.1	97.830	1014	22	0	1	1014	1838	2851	0.0	1792
Int1_Pc_Pattern	NZ_VUBR01000084.1	97.830	1014	22	0	1	1014	6748	5735	0.0	1792
Int1_Pc_Pattern	NZ_VUBO01000101.1	97.830	1014	22	0	1	1014	140	1153	0.0	1792
Int1_Pc_Pattern	NZ_VUBE01000056.1	97.830	1014	22	0	1	1014	3337	4350	0.0	1792
Int1_Pc_Pattern	NZ_CP040179.1	97.830	1014	22	0	1	1014	242326	241313	0.0	1792
Int1_Pc_Pattern	NZ_VTRO01000082.1	97.830	1014	22	0	1	1014	1075	2088	0.0	1792
Int1_Pc_Pattern	NZ_VTRN01000135.1	97.830	1014	22	0	1	1014	1544	531	0.0	1792
Int1_Pc_Pattern	NZ_VTDX01000204.1	97.830	1014	22	0	1	1014	1931	2944	0.0	1792
Int1_Pc_Pattern	NZ_VTDV01000332.1	97.830	1014	22	0	1	1014	1032	2045	0.0	1792
Int1_Pc_Pattern	NZ_VIJR01000074.1	97.830	1014	22	0	1	1014	940	1953	0.0	1792
Int1_Pc_Pattern	NZ_CP082756.1	97.830	1014	22	0	1	1014	22348	23361	0.0	1792
Int1_Pc_Pattern	NZ_VOMG01000216.1	97.830	1014	22	0	1	1014	387	1400	0.0	1792
Int1_Pc_Pattern	NZ_CP041640.1	97.830	1014	22	0	1	1014	198056	197043	0.0	1792
Int1_Pc_Pattern	NZ_VKCW01000106.1	97.830	1014	22	0	1	1014	1544	531	0.0	1792
Int1_Pc_Pattern	NZ_VKCT01000175.1	97.830	1014	22	0	1	1014	1075	2088	0.0	1792
Int1_Pc_Pattern	NZ_CP044029.1	97.830	1014	22	0	1	1014	146315	147328	0.0	1792
Int1_Pc_Pattern	NZ_VILG01000001.1	97.830	1014	22	0	1	1014	25597	26610	0.0	1792
Int1_Pc_Pattern	NZ_VIAL01000040.1	97.830	1014	22	0	1	1014	11469	12482	0.0	1792
Int1_Pc_Pattern	NZ_VIAL01000040.1	100.000	32	0	0	270	301	1562	1593	2.90e-05	60.2
Int1_Pc_Pattern	NZ_VIAJ01000079.1	97.830	1014	22	0	1	1014	1217	204	0.0	1792
Int1_Pc_Pattern	NZ_VIAI01000076.1	97.830	1014	22	0	1	1014	2875	3888	0.0	1792
Int1_Pc_Pattern	NZ_VDGA01000058.1	97.830	1014	22	0	1	1014	1517	504	0.0	1792
Int1_Pc_Pattern	NZ_VDEL01000080.1	97.830	1014	22	0	1	1014	6541	7554	0.0	1792
Int1_Pc_Pattern	NZ_RZKD01000037.1	97.830	1014	22	0	1	1014	12294	11281	0.0	1792
Int1_Pc_Pattern	NZ_RZKG01000022.1	97.830	1014	22	0	1	1014	4972	3959	0.0	1792
Int1_Pc_Pattern	NZ_RZKO01000034.1	97.830	1014	22	0	1	1014	12651	11638	0.0	1792
Int1_Pc_Pattern	NZ_RZJY01000035.1	97.830	1014	22	0	1	1014	9590	10603	0.0	1792
Int1_Pc_Pattern	NZ_RZLC01000023.1	97.830	1014	22	0	1	1014	4972	3959	0.0	1792
Int1_Pc_Pattern	NZ_CP039976.1	97.830	1014	22	0	1	1014	111679	110666	0.0	1792
Int1_Pc_Pattern	NZ_CP039981.1	97.830	1014	22	0	1	1014	116	1129	0.0	1792
Int1_Pc_Pattern	NZ_CP039971.1	97.830	1014	22	0	1	1014	12102	11089	0.0	1792
Int1_Pc_Pattern	NZ_SZNE01000041.1	97.830	1014	22	0	1	1014	1708	695	0.0	1792
Int1_Pc_Pattern	NZ_SSBB01000083.1	97.830	1014	22	0	1	1014	3520	2507	0.0	1792
Int1_Pc_Pattern	NZ_SWMF01000040.1	97.830	1014	22	0	1	1014	8796	9809	0.0	1792
Int1_Pc_Pattern	NZ_SULU01000049.1	97.830	1014	22	0	1	1014	1580	567	0.0	1792
Int1_Pc_Pattern	NZ_SULT01000049.1	97.830	1014	22	0	1	1014	1580	567	0.0	1792
Int1_Pc_Pattern	NZ_SULR01000051.1	97.830	1014	22	0	1	1014	1580	567	0.0	1792
Int1_Pc_Pattern	NZ_SULV01000045.1	97.830	1014	22	0	1	1014	1580	567	0.0	1792
Int1_Pc_Pattern	NZ_SULZ01000041.1	97.830	1014	22	0	1	1014	6146	7159	0.0	1792
Int1_Pc_Pattern	NZ_SULX01000050.1	97.830	1014	22	0	1	1014	1580	567	0.0	1792
Int1_Pc_Pattern	NZ_SETZ01000002.1	97.830	1014	22	0	1	1014	9692	10705	0.0	1792
Int1_Pc_Pattern	NZ_SETP01000005.1	97.830	1014	22	0	1	1014	5472	6485	0.0	1792
Int1_Pc_Pattern	NZ_SETY01000006.1	97.830	1014	22	0	1	1014	5480	6493	0.0	1792
Int1_Pc_Pattern	NZ_SETU01000007.1	97.830	1014	22	0	1	1014	5480	6493	0.0	1792
Int1_Pc_Pattern	NZ_SETT01000003.1	97.830	1014	22	0	1	1014	5433	6446	0.0	1792
Int1_Pc_Pattern	NZ_SETR01000006.1	97.830	1014	22	0	1	1014	5480	6493	0.0	1792
Int1_Pc_Pattern	NZ_STEC01000123.1	97.830	1014	22	0	1	1014	140	1153	0.0	1792
Int1_Pc_Pattern	NZ_STFC01000047.1	97.830	1014	22	0	1	1014	6218	5205	0.0	1792
Int1_Pc_Pattern	NZ_STCE01000070.1	97.830	1014	22	0	1	1014	140	1153	0.0	1792
Int1_Pc_Pattern	NZ_STDQ01000045.1	97.830	1014	22	0	1	1014	8796	9809	0.0	1792
Int1_Pc_Pattern	NZ_STDO01000044.1	97.830	1014	22	0	1	1014	8767	9780	0.0	1792
Int1_Pc_Pattern	NZ_STDP01000038.1	97.830	1014	22	0	1	1014	8796	9809	0.0	1792
Int1_Pc_Pattern	NZ_STDX01000049.1	97.830	1014	22	0	1	1014	8796	9809	0.0	1792
Int1_Pc_Pattern	NZ_STDK01000049.1	97.830	1014	22	0	1	1014	8796	9809	0.0	1792
Int1_Pc_Pattern	NZ_STDR01000047.1	97.830	1014	22	0	1	1014	8796	9809	0.0	1792
Int1_Pc_Pattern	NZ_STDV01000048.1	97.830	1014	22	0	1	1014	8796	9809	0.0	1792
Int1_Pc_Pattern	NZ_STCC01000064.1	97.830	1014	22	0	1	1014	1217	204	0.0	1792
Int1_Pc_Pattern	NZ_STCL01000076.1	97.830	1014	22	0	1	1014	1217	204	0.0	1792
Int1_Pc_Pattern	NZ_STCJ01000043.1	97.830	1014	22	0	1	1014	8796	9809	0.0	1792
Int1_Pc_Pattern	NZ_STCX01000049.1	97.830	1014	22	0	1	1014	6218	5205	0.0	1792
Int1_Pc_Pattern	NZ_STBP01000042.1	97.830	1014	22	0	1	1014	8796	9809	0.0	1792
Int1_Pc_Pattern	NZ_STBL01000050.1	97.830	1014	22	0	1	1014	9717	10730	0.0	1792
Int1_Pc_Pattern	NZ_STBW01000047.1	97.830	1014	22	0	1	1014	8796	9809	0.0	1792
Int1_Pc_Pattern	NZ_STBE01000046.1	97.830	1014	22	0	1	1014	6218	5205	0.0	1792
Int1_Pc_Pattern	NZ_STBT01000039.1	97.830	1014	22	0	1	1014	6218	5205	0.0	1792
Int1_Pc_Pattern	NZ_STBC01000047.1	97.830	1014	22	0	1	1014	8796	9809	0.0	1792
Int1_Pc_Pattern	NZ_SSZY01000051.1	97.830	1014	22	0	1	1014	1529	516	0.0	1792
Int1_Pc_Pattern	NZ_STBB01000046.1	97.830	1014	22	0	1	1014	8768	9781	0.0	1792
Int1_Pc_Pattern	NZ_STBR01000046.1	97.830	1014	22	0	1	1014	6218	5205	0.0	1792
Int1_Pc_Pattern	NZ_STAF01000051.1	97.830	1014	22	0	1	1014	8795	9808	0.0	1792
Int1_Pc_Pattern	NZ_STAE01000042.1	97.830	1014	22	0	1	1014	12192	13205	0.0	1792
Int1_Pc_Pattern	NZ_SSZE01000047.1	97.830	1014	22	0	1	1014	6218	5205	0.0	1792
Int1_Pc_Pattern	NZ_SSZX01000050.1	97.830	1014	22	0	1	1014	1765	752	0.0	1792
Int1_Pc_Pattern	NZ_SSZF01000044.1	97.830	1014	22	0	1	1014	8790	9803	0.0	1792
Int1_Pc_Pattern	NZ_SSZA01000047.1	97.830	1014	22	0	1	1014	8790	9803	0.0	1792
Int1_Pc_Pattern	NZ_SSYR01000046.1	97.830	1014	22	0	1	1014	8796	9809	0.0	1792
Int1_Pc_Pattern	NZ_SSYF01000049.1	97.830	1014	22	0	1	1014	5441	6454	0.0	1792
Int1_Pc_Pattern	NZ_SSYE01000050.1	97.830	1014	22	0	1	1014	8795	9808	0.0	1792
Int1_Pc_Pattern	NZ_SSZI01000121.1	97.830	1014	22	0	1	1014	140	1153	0.0	1792
Int1_Pc_Pattern	NZ_STAW01000061.1	97.830	1014	22	0	1	1014	1572	559	0.0	1792
Int1_Pc_Pattern	NZ_SSYT01000051.1	97.830	1014	22	0	1	1014	14233	15246	0.0	1792
Int1_Pc_Pattern	NZ_SSYD01000049.1	97.830	1014	22	0	1	1014	8795	9808	0.0	1792
Int1_Pc_Pattern	NZ_SSYL01000053.1	97.830	1014	22	0	1	1014	1572	559	0.0	1792
Int1_Pc_Pattern	NZ_SSTZ01000052.1	97.830	1014	22	0	1	1014	1531	518	0.0	1792
Int1_Pc_Pattern	NZ_CP031850.1	97.830	1014	22	0	1	1014	136669	135656	0.0	1792
Int1_Pc_Pattern	NZ_SSDB01000039.1	97.830	1014	22	0	1	1014	1436	423	0.0	1792
Int1_Pc_Pattern	NZ_SOYT01000082.1	97.830	1014	22	0	1	1014	144	1157	0.0	1792
Int1_Pc_Pattern	NZ_QOVH01000004.1	97.830	1014	22	0	1	1014	39654	40667	0.0	1792
Int1_Pc_Pattern	NZ_CP036368.1	97.830	1014	22	0	1	1014	9372	8359	0.0	1792
Int1_Pc_Pattern	NZ_SGSA01000034.1	97.830	1014	22	0	1	1014	9025	10038	0.0	1792
Int1_Pc_Pattern	NZ_SGRB01000058.1	97.830	1014	22	0	1	1014	8494	9507	0.0	1792
Int1_Pc_Pattern	NZ_SGQL01000065.1	97.830	1014	22	0	1	1014	1852	839	0.0	1792
Int1_Pc_Pattern	NZ_SGQN01000044.1	97.830	1014	22	0	1	1014	3298	4311	0.0	1792
Int1_Pc_Pattern	NZ_CP036336.1	97.830	1014	22	0	1	1014	16090	17103	0.0	1792
Int1_Pc_Pattern	NZ_BIIT01000028.1	97.830	1014	22	0	1	1014	3294	4307	0.0	1792
Int1_Pc_Pattern	NZ_BIIR01000057.1	97.830	1014	22	0	1	1014	3355	4368	0.0	1792
Int1_Pc_Pattern	NZ_BIII01000035.1	97.830	1014	22	0	1	1014	939	1952	0.0	1792
Int1_Pc_Pattern	NZ_BIIH01000026.1	97.830	1014	22	0	1	1014	1234	221	0.0	1792
Int1_Pc_Pattern	NZ_BIHD01000025.1	97.830	1014	22	0	1	1014	36509	37522	0.0	1792
Int1_Pc_Pattern	NZ_BIHB01000018.1	97.830	1014	22	0	1	1014	9597	10610	0.0	1792
Int1_Pc_Pattern	NZ_CP036193.1	97.830	1014	22	0	1	1014	10438	9425	0.0	1792
Int1_Pc_Pattern	NZ_SHTZ01000036.1	97.830	1014	22	0	1	1014	16251	17264	0.0	1792
Int1_Pc_Pattern	NZ_SHTY01000027.1	97.830	1014	22	0	1	1014	58445	57432	0.0	1792
Int1_Pc_Pattern	NZ_SHUA01000040.1	97.830	1014	22	0	1	1014	3547	4560	0.0	1792
Int1_Pc_Pattern	NZ_SHTV01000054.1	97.830	1014	22	0	1	1014	12368	13381	0.0	1792
Int1_Pc_Pattern	NZ_QFMG01000519.1	97.830	1014	22	0	1	1014	1217	204	0.0	1792
Int1_Pc_Pattern	NZ_CP026148.1	97.830	1014	22	0	1	1014	85167	86180	0.0	1792
Int1_Pc_Pattern	NZ_CP026139.1	97.830	1014	22	0	1	1014	62275	61262	0.0	1792
Int1_Pc_Pattern	NZ_RZUO01000104.1	97.830	1014	22	0	1	1014	1095	2108	0.0	1792
Int1_Pc_Pattern	NZ_RZVM01000099.1	97.830	1014	22	0	1	1014	5251	6264	0.0	1792
Int1_Pc_Pattern	NZ_RZVJ01000074.1	97.830	1014	22	0	1	1014	1514	501	0.0	1792
Int1_Pc_Pattern	NZ_BIFK01000245.1	97.830	1014	22	0	1	1014	1260	247	0.0	1792
Int1_Pc_Pattern	NZ_BIFI01000153.1	97.830	1014	22	0	1	1014	1684	671	0.0	1792
Int1_Pc_Pattern	NZ_RXLV01000057.1	97.830	1014	22	0	1	1014	4875	3862	0.0	1792
Int1_Pc_Pattern	NZ_RXLX01000059.1	97.830	1014	22	0	1	1014	4917	3904	0.0	1792
Int1_Pc_Pattern	NZ_RXLY01000039.1	97.830	1014	22	0	1	1014	11677	10664	0.0	1792
Int1_Pc_Pattern	NZ_CP034540.1	97.830	1014	22	0	1	1014	1632970	1633983	0.0	1792
Int1_Pc_Pattern	NZ_CP024709.1	97.830	1014	22	0	1	1014	30513	29500	0.0	1792
Int1_Pc_Pattern	NZ_RDAJ01000007.1	97.830	1014	22	0	1	1014	19447	18434	0.0	1792
Int1_Pc_Pattern	NZ_RDAJ01000007.1	96.647	1014	22	7	1	1014	77382	76381	0.0	1714
Int1_Pc_Pattern	NZ_RDAB01000010.1	97.830	1014	22	0	1	1014	22459	23472	0.0	1792
Int1_Pc_Pattern	NZ_RDAB01000010.1	94.773	1014	28	16	1	1014	95773	96761	0.0	1596
Int1_Pc_Pattern	NZ_RDAS01000002.1	97.830	1014	22	0	1	1014	140379	139366	0.0	1792
Int1_Pc_Pattern	NZ_CP023841.1	97.830	1014	22	0	1	1014	20073	19060	0.0	1792
Int1_Pc_Pattern	NZ_CP034126.1	97.830	1014	22	0	1	1014	8595	9608	0.0	1792
Int1_Pc_Pattern	NZ_CP034046.1	97.830	1014	22	0	1	1014	207467	208480	0.0	1792
Int1_Pc_Pattern	NZ_CP033775.1	97.830	1014	22	0	1	1014	253	1266	0.0	1792
Int1_Pc_Pattern	NZ_RDWW01000288.1	97.830	1014	22	0	1	1014	1595	582	0.0	1792
Int1_Pc_Pattern	NZ_RDWC01000145.1	97.830	1014	22	0	1	1014	4388	5401	0.0	1792
Int1_Pc_Pattern	NZ_RCGL01000051.1	97.830	1014	22	0	1	1014	3411	4424	0.0	1792
Int1_Pc_Pattern	NZ_RCGG01000058.1	97.830	1014	22	0	1	1014	232	1245	0.0	1792
