intI1	NZ_CP053917.1	100.000	1014	0	0	1	1014	2895452	2894439	0.0	1873
intI1	NZ_CP053917.1	99.901	1014	1	0	1	1014	39285	40298	0.0	1868
intI1	NZ_WXZU01000049.1	100.000	1014	0	0	1	1014	2081	3094	0.0	1873
intI1	NZ_VTFE01000040.1	100.000	1014	0	0	1	1014	55935	54922	0.0	1873
intI1	NZ_CP041945.1	100.000	1014	0	0	1	1014	6802626	6803639	0.0	1873
intI1	NZ_CP083367.1	100.000	1014	0	0	1	1014	64234	63221	0.0	1873
intI1	NZ_VIHQ01000056.1	100.000	1014	0	0	1	1014	9030	8017	0.0	1873
intI1	NZ_VIHP01000064.1	100.000	1014	0	0	1	1014	9030	8017	0.0	1873
intI1	NZ_VIHN01000070.1	100.000	1014	0	0	1	1014	7588	8601	0.0	1873
intI1	NZ_VIHC01000066.1	100.000	1014	0	0	1	1014	8980	7967	0.0	1873
intI1	NZ_SRKE01000078.1	100.000	1014	0	0	1	1014	1216	203	0.0	1873
intI1	NZ_SCWW01000081.1	100.000	1014	0	0	1	1014	1413	400	0.0	1873
intI1	NZ_CP035739.1	100.000	1014	0	0	1	1014	2909397	2908384	0.0	1873
intI1	NZ_CP035739.1	100.000	1014	0	0	1	1014	5674285	5675298	0.0	1873
intI1	NZ_CP035739.1	99.314	1021	0	1	1	1014	2952041	2951021	0.0	1840
intI1	NZ_CP034430.1	100.000	1014	0	0	1	1014	151906	150893	0.0	1873
intI1	NZ_CP034409.1	100.000	1014	0	0	1	1014	5128723	5127710	0.0	1873
intI1	NZ_CP034409.1	100.000	1014	0	0	1	1014	5158017	5159030	0.0	1873
intI1	NZ_RXUP01000065.1	100.000	1014	0	0	1	1014	63014	62001	0.0	1873
intI1	NZ_RXTC01000019.1	100.000	1014	0	0	1	1014	80169	79156	0.0	1873
intI1	NZ_RWWO01000095.1	100.000	1014	0	0	1	1014	81187	82200	0.0	1873
intI1	NZ_RWWO01000095.1	99.668	301	1	0	1	301	72374	72674	3.92e-153	551
intI1	NZ_RWWM01000128.1	100.000	1014	0	0	1	1014	1120	107	0.0	1873
intI1	NZ_RRBK01000156.1	100.000	1014	0	0	1	1014	2784	1771	0.0	1873
intI1	NZ_RRBF01000027.1	100.000	1014	0	0	1	1014	565	1578	0.0	1873
intI1	NZ_RRBL01000060.1	100.000	1014	0	0	1	1014	14017	13004	0.0	1873
intI1	NZ_CP033439.1	100.000	1014	0	0	1	1014	6697380	6696367	0.0	1873
intI1	NZ_RABX01000723.1	100.000	1014	0	0	1	1014	1170	157	0.0	1873
intI1	NZ_RACD01000139.1	100.000	1014	0	0	1	1014	68270	69283	0.0	1873
intI1	NZ_RACF01000038.1	100.000	1014	0	0	1	1014	265886	266899	0.0	1873
intI1	NZ_RACG01000107.1	100.000	1014	0	0	1	1014	114011	115024	0.0	1873
intI1	NZ_RACH01000737.1	100.000	1014	0	0	1	1014	3718	2705	0.0	1873
intI1	NZ_RACI01000050.1	100.000	1014	0	0	1	1014	234779	235792	0.0	1873
intI1	NZ_RAEF01000109.1	100.000	1014	0	0	1	1014	3091	2078	0.0	1873
intI1	NZ_RAEI01000046.1	100.000	1014	0	0	1	1014	9572	8559	0.0	1873
intI1	NZ_CP032569.1	100.000	1014	0	0	1	1014	6710906	6711919	0.0	1873
intI1	NZ_CP032569.1	99.338	453	3	0	1	453	6236078	6236530	0.0	821
intI1	NZ_CP031876.1	100.000	1014	0	0	1	1014	6827828	6826815	0.0	1873
intI1	NZ_CP039294.1	100.000	1014	0	0	1	1014	28516	29529	0.0	1873
intI1	NZ_QVBI02000044.1	100.000	1014	0	0	1	1014	49482	48469	0.0	1873
intI1	NZ_CP030911.1	100.000	1014	0	0	1	1014	5149720	5148707	0.0	1873
intI1	NZ_CP030911.1	99.668	301	1	0	1	301	5162548	5162248	3.92e-153	551
intI1	NZ_CP030911.1	100.000	161	0	0	141	301	5158393	5158233	5.64e-77	298
intI1	NZ_CP030912.1	100.000	1014	0	0	1	1014	5097701	5098714	0.0	1873
intI1	NZ_CP030912.1	99.668	301	1	0	1	301	5088888	5089188	3.92e-153	551
intI1	NZ_CP030913.1	100.000	1014	0	0	1	1014	5086636	5085623	0.0	1873
intI1	NZ_CP030913.1	99.668	301	1	0	1	301	5099464	5099164	3.92e-153	551
intI1	NZ_CP030913.1	100.000	161	0	0	141	301	5095309	5095149	5.64e-77	298
intI1	NZ_QFRM01000080.1	100.000	1014	0	0	1	1014	1116	103	0.0	1873
intI1	NZ_CP027166.1	100.000	1014	0	0	1	1014	1717442	1718455	0.0	1873
intI1	NZ_CP027166.1	99.901	1014	1	0	1	1014	5384617	5383604	0.0	1868
intI1	NZ_CP027166.1	99.901	1014	1	0	1	1014	6302859	6303872	0.0	1868
intI1	NZ_CP027166.1	99.803	1014	2	0	1	1014	3405509	3404496	0.0	1862
intI1	NZ_CP027166.1	99.668	301	1	0	1	301	3410120	3409820	3.92e-153	551
intI1	NZ_CP027171.1	100.000	1014	0	0	1	1014	339529	340542	0.0	1873
intI1	NZ_CP027171.1	99.901	1014	1	0	1	1014	327548	326535	0.0	1868
intI1	NZ_JPEY01000001.1	100.000	1014	0	0	1	1014	2001507	2000494	0.0	1873
intI1	NZ_CP025054.1	100.000	1014	0	0	1	1014	47891	46878	0.0	1873
intI1	NZ_NXHS01000023.1	100.000	1014	0	0	1	1014	93490	92477	0.0	1873
intI1	NZ_NIPD01000086.1	100.000	1014	0	0	1	1014	18649	19662	0.0	1873
intI1	NZ_NDFQ01000108.1	100.000	1014	0	0	1	1014	1216	203	0.0	1873
intI1	NZ_CP020703.1	100.000	1014	0	0	1	1014	6240155	6241168	0.0	1873
intI1	NZ_CP020703.1	99.901	1014	1	0	1	1014	6245754	6246767	0.0	1868
intI1	NZ_CP020704.1	100.000	1014	0	0	1	1014	6332093	6333106	0.0	1873
intI1	NZ_CP020704.1	99.901	1014	1	0	1	1014	6337692	6338705	0.0	1868
intI1	NZ_LZQE01000032.1	100.000	1014	0	0	1	1014	3439	2426	0.0	1873
intI1	NZ_CP008857.1	100.000	1014	0	0	1	1014	6669527	6668514	0.0	1873
intI1	NZ_LLVG01000085.1	100.000	1014	0	0	1	1014	11708	10695	0.0	1873
intI1	NZ_LLUN01000040.1	100.000	1014	0	0	1	1014	3380	2367	0.0	1873
intI1	NZ_LLPL01000071.1	100.000	1014	0	0	1	1014	21037	22050	0.0	1873
intI1	NZ_LLNR01000086.1	100.000	1014	0	0	1	1014	5197	6210	0.0	1873
intI1	NZ_LLLU01000049.1	100.000	1014	0	0	1	1014	24236	25249	0.0	1873
intI1	NZ_CVUU01000071.1	100.000	1014	0	0	1	1014	1216	203	0.0	1873
intI1	NZ_CWEU01000102.1	100.000	1014	0	0	1	1014	1216	203	0.0	1873
intI1	NZ_JUMF01000823.1	100.000	1014	0	0	1	1014	1966	2979	0.0	1873
intI1	NZ_AP014622.1	100.000	1014	0	0	1	1014	1451325	1452338	0.0	1873
intI1	NZ_AP014622.1	99.901	1014	1	0	1	1014	3807991	3809004	0.0	1868
intI1	NZ_AP014622.1	99.901	1014	1	0	1	1014	3832306	3831293	0.0	1868
intI1	NZ_SGYG01000004.1	100.000	1014	0	0	1	1014	12608	11595	0.0	1873
intI1	NZ_SGYF01000004.1	100.000	1014	0	0	1	1014	7692	6679	0.0	1873
intI1	NZ_SGYF01000004.1	99.901	1014	0	1	1	1014	77317	76305	0.0	1866
intI1	NZ_SGYA01000004.1	100.000	1014	0	0	1	1014	28581	29594	0.0	1873
intI1	NZ_SGYD01000006.1	100.000	1014	0	0	1	1014	21032	20019	0.0	1873
intI1	NZ_SGYB01000005.1	100.000	1014	0	0	1	1014	65134	66147	0.0	1873
intI1	NZ_SGXZ01000006.1	100.000	1014	0	0	1	1014	36180	35167	0.0	1873
intI1	NZ_CP050374.1	100.000	1014	0	0	1	1014	85390	86403	0.0	1873
intI1	NZ_CP050374.1	100.000	1014	0	0	1	1014	98424	97411	0.0	1873
intI1	NZ_JAAQSK010000060.1	100.000	1014	0	0	1	1014	635	1648	0.0	1873
intI1	NZ_JAAQSJ010000070.1	100.000	1014	0	0	1	1014	140	1153	0.0	1873
intI1	NZ_CP054172.1	100.000	1014	0	0	1	1014	25580	26593	0.0	1873
intI1	NZ_JAAQSQ010000043.1	100.000	1014	0	0	1	1014	1025	12	0.0	1873
intI1	NZ_JAAQTI010000063.1	100.000	1014	0	0	1	1014	1216	203	0.0	1873
intI1	NZ_CP034319.1	100.000	1014	0	0	1	1014	39414	40427	0.0	1873
intI1	NZ_RSEZ01000005.1	100.000	1014	0	0	1	1014	40631	41644	0.0	1873
intI1	NZ_JAAKYK010000066.1	100.000	1014	0	0	1	1014	1197	184	0.0	1873
intI1	NZ_JAAKYD010000067.1	100.000	1014	0	0	1	1014	1197	184	0.0	1873
intI1	NZ_JAAKYT010000053.1	100.000	1014	0	0	1	1014	2311	3324	0.0	1873
intI1	NZ_SBCY01000061.1	100.000	1014	0	0	1	1014	6145	7158	0.0	1873
intI1	NZ_SBCJ01000049.1	100.000	1014	0	0	1	1014	19741	18728	0.0	1873
intI1	NZ_SBCI01000035.1	100.000	1014	0	0	1	1014	8282	9295	0.0	1873
intI1	NZ_SBCH01000044.1	100.000	1014	0	0	1	1014	11918	10905	0.0	1873
intI1	NZ_SBCD01000163.1	100.000	1014	0	0	1	1014	5136	4123	0.0	1873
intI1	NZ_SBCA01000039.1	100.000	1014	0	0	1	1014	30836	29823	0.0	1873
intI1	NZ_JAAJSX010000026.1	100.000	1014	0	0	1	1014	11315	12328	0.0	1873
intI1	NZ_JAAASL010000053.1	100.000	1014	0	0	1	1014	24196	25209	0.0	1873
intI1	NZ_JAAASQ010000079.1	100.000	1014	0	0	1	1014	1217	204	0.0	1873
intI1	NZ_JAAASW010000231.1	100.000	1014	0	0	1	1014	41344	42357	0.0	1873
intI1	NZ_WVVY01000049.1	100.000	1014	0	0	1	1014	3364	4377	0.0	1873
intI1	NZ_VINI01000103.1	100.000	1014	0	0	1	1014	1216	203	0.0	1873
intI1	NZ_WJWM02000003.1	100.000	1014	0	0	1	1014	3871	2858	0.0	1873
intI1	NZ_WJWM02000003.1	100.000	1014	0	0	1	1014	78064	77051	0.0	1873
intI1	NZ_WJVY01000028.1	100.000	1014	0	0	1	1014	5005	3992	0.0	1873
intI1	NZ_VXIY01000013.1	100.000	1014	0	0	1	1014	44412	43399	0.0	1873
intI1	NZ_VXIZ01000004.1	100.000	1014	0	0	1	1014	49764	48751	0.0	1873
intI1	NZ_VONA01000049.1	100.000	1014	0	0	1	1014	8699	9712	0.0	1873
intI1	NZ_VOMV01000003.1	100.000	1014	0	0	1	1014	6752	5739	0.0	1873
intI1	NZ_VUCD01000129.1	100.000	1014	0	0	1	1014	1874	861	0.0	1873
intI1	NZ_VUBE01000056.1	100.000	1014	0	0	1	1014	3337	4350	0.0	1873
intI1	NZ_VTDV01000332.1	100.000	1014	0	0	1	1014	1032	2045	0.0	1873
intI1	NZ_VOMG01000216.1	100.000	1014	0	0	1	1014	387	1400	0.0	1873
intI1	NZ_RZKG01000022.1	100.000	1014	0	0	1	1014	4972	3959	0.0	1873
intI1	NZ_RZLC01000023.1	100.000	1014	0	0	1	1014	4972	3959	0.0	1873
intI1	NZ_SULU01000049.1	100.000	1014	0	0	1	1014	1580	567	0.0	1873
intI1	NZ_SULT01000049.1	100.000	1014	0	0	1	1014	1580	567	0.0	1873
intI1	NZ_SULR01000051.1	100.000	1014	0	0	1	1014	1580	567	0.0	1873
intI1	NZ_SULV01000045.1	100.000	1014	0	0	1	1014	1580	567	0.0	1873
intI1	NZ_SULZ01000041.1	100.000	1014	0	0	1	1014	6146	7159	0.0	1873
intI1	NZ_SULX01000050.1	100.000	1014	0	0	1	1014	1580	567	0.0	1873
intI1	NZ_SSZI01000121.1	100.000	1014	0	0	1	1014	140	1153	0.0	1873
intI1	NZ_SSTZ01000052.1	100.000	1014	0	0	1	1014	1531	518	0.0	1873
intI1	NZ_SSDB01000039.1	100.000	1014	0	0	1	1014	1436	423	0.0	1873
intI1	NZ_CP036368.1	100.000	1014	0	0	1	1014	9372	8359	0.0	1873
intI1	NZ_SGSA01000034.1	100.000	1014	0	0	1	1014	9025	10038	0.0	1873
intI1	NZ_SGRB01000058.1	100.000	1014	0	0	1	1014	8494	9507	0.0	1873
intI1	NZ_SGQL01000065.1	100.000	1014	0	0	1	1014	1852	839	0.0	1873
intI1	NZ_SGQN01000044.1	100.000	1014	0	0	1	1014	3298	4311	0.0	1873
intI1	NZ_BIIH01000026.1	100.000	1014	0	0	1	1014	1234	221	0.0	1873
intI1	NZ_CP036193.1	100.000	1014	0	0	1	1014	10438	9425	0.0	1873
intI1	NZ_SHTZ01000036.1	100.000	1014	0	0	1	1014	16251	17264	0.0	1873
intI1	NZ_SHTV01000054.1	100.000	1014	0	0	1	1014	12368	13381	0.0	1873
intI1	NZ_QFMG01000519.1	100.000	1014	0	0	1	1014	1217	204	0.0	1873
intI1	NZ_CP024709.1	100.000	1014	0	0	1	1014	30513	29500	0.0	1873
intI1	NZ_RDAS01000002.1	100.000	1014	0	0	1	1014	140379	139366	0.0	1873
intI1	NZ_CP034046.1	100.000	1014	0	0	1	1014	207467	208480	0.0	1873
intI1	NZ_RCGL01000051.1	100.000	1014	0	0	1	1014	3411	4424	0.0	1873
intI1	NZ_RCGG01000058.1	100.000	1014	0	0	1	1014	232	1245	0.0	1873
intI1	NZ_RCGR01000068.1	100.000	1014	0	0	1	1014	1233	220	0.0	1873
intI1	NZ_RCGQ01000084.1	100.000	1014	0	0	1	1014	1563	550	0.0	1873
intI1	NZ_RCGH01000074.1	100.000	1014	0	0	1	1014	3425	4438	0.0	1873
intI1	NZ_QWWE01000098.1	100.000	1014	0	0	1	1014	1216	203	0.0	1873
intI1	NZ_QWVW01000100.1	100.000	1014	0	0	1	1014	142	1155	0.0	1873
intI1	NZ_CP032189.1	100.000	1014	0	0	1	1014	36328	35315	0.0	1873
intI1	NZ_CP032188.1	100.000	1014	0	0	1	1014	19498	18485	0.0	1873
intI1	NZ_QVAN01000006.1	100.000	1014	0	0	1	1014	21215	22228	0.0	1873
intI1	NZ_QDDZ01000075.1	100.000	1014	0	0	1	1014	1184	171	0.0	1873
intI1	NZ_PXKL01000080.1	100.000	1014	0	0	1	1014	1217	204	0.0	1873
intI1	NZ_PXJS01000115.1	100.000	1014	0	0	1	1014	1021	8	0.0	1873
intI1	NZ_QTKA01000036.1	100.000	1014	0	0	1	1014	7278	6265	0.0	1873
intI1	NZ_QTKS01000042.1	100.000	1014	0	0	1	1014	1988	3001	0.0	1873
intI1	NZ_QTKN01000045.1	100.000	1014	0	0	1	1014	1988	3001	0.0	1873
intI1	NZ_QPAJ01000010.1	100.000	1014	0	0	1	1014	74203	75216	0.0	1873
intI1	NZ_QOUF01000935.1	100.000	1014	0	0	1	1014	116	1129	0.0	1873
intI1	NZ_QOHW01000087.1	100.000	1014	0	0	1	1014	1216	203	0.0	1873
intI1	NZ_QOHV01000067.1	100.000	1014	0	0	1	1014	1216	203	0.0	1873
intI1	NZ_QCZB01000055.1	100.000	1014	0	0	1	1014	5154	6167	0.0	1873
intI1	NZ_PYWE01000050.1	100.000	1014	0	0	1	1014	763	1776	0.0	1873
intI1	NZ_QJNF01000060.1	100.000	1014	0	0	1	1014	1432	419	0.0	1873
intI1	NZ_CP029724.1	100.000	1014	0	0	1	1014	122645	123658	0.0	1873
intI1	NZ_CP029723.1	100.000	1014	0	0	1	1014	104836	103823	0.0	1873
intI1	NZ_CP029723.1	99.901	1014	1	0	1	1014	165812	164799	0.0	1868
intI1	NZ_QIWE01000081.1	100.000	1014	0	0	1	1014	140	1153	0.0	1873
intI1	NZ_CP023442.1	100.000	1014	0	0	1	1014	37981	36968	0.0	1873
intI1	NZ_CP023442.1	99.803	1014	2	0	1	1014	94835	95848	0.0	1862
intI1	NZ_CP023442.1	99.800	1001	2	0	1	1001	31856	32856	0.0	1838
intI1	NZ_BFDD01000098.1	100.000	1014	0	0	1	1014	140	1153	0.0	1873
intI1	NZ_BFDC01000138.1	100.000	1014	0	0	1	1014	2594	1581	0.0	1873
intI1	NZ_BFCY01000155.1	100.000	1014	0	0	1	1014	3165	4178	0.0	1873
intI1	NZ_AP018583.1	100.000	1014	0	0	1	1014	212197	211184	0.0	1873
intI1	NZ_AP018583.1	88.264	1014	24	59	1	1008	51725	52649	0.0	1125
intI1	NZ_CP028954.1	100.000	1014	0	0	1	1014	189553	188540	0.0	1873
intI1	NZ_CP028717.1	100.000	1014	0	0	1	1014	110291	109278	0.0	1873
intI1	NZ_PWAR01000108.1	100.000	1014	0	0	1	1014	142	1155	0.0	1873
intI1	NZ_PWBA01000044.1	100.000	1014	0	0	1	1014	4637	5650	0.0	1873
intI1	NZ_PQIL01000051.1	100.000	1014	0	0	1	1014	3382	4395	0.0	1873
intI1	NZ_CP026588.1	100.000	1014	0	0	1	1014	103767	104780	0.0	1873
intI1	NZ_NCOL01000042.1	100.000	1014	0	0	1	1014	24	1037	0.0	1873
intI1	NZ_NCOU01000001.1	100.000	1014	0	0	1	1014	22488	23501	0.0	1873
intI1	NZ_NCPS01000073.1	100.000	1014	0	0	1	1014	1071	58	0.0	1873
intI1	NZ_CP028582.2	100.000	1014	0	0	1	1014	11552	10539	0.0	1873
intI1	NZ_CP024834.1	100.000	1014	0	0	1	1014	2129579	2130592	0.0	1873
intI1	NZ_CP024838.1	100.000	1014	0	0	1	1014	4784380	4785393	0.0	1873
intI1	NZ_NICW01000016.1	100.000	1014	0	0	1	1014	25890	24877	0.0	1873
intI1	NZ_CP023943.1	100.000	1014	0	0	1	1014	37249	36236	0.0	1873
intI1	NZ_NSLG01000092.1	100.000	1014	0	0	1	1014	19550	18537	0.0	1873
intI1	NZ_NXKN01000097.1	100.000	1014	0	0	1	1014	1551	538	0.0	1873
intI1	NZ_NXJT01000065.1	100.000	1014	0	0	1	1014	3932	4945	0.0	1873
intI1	NZ_NXKI01000094.1	100.000	1014	0	0	1	1014	2478	1465	0.0	1873
intI1	NZ_NXJZ01000092.1	100.000	1014	0	0	1	1014	1550	537	0.0	1873
intI1	NZ_NXJU01000074.1	100.000	1014	0	0	1	1014	1852	839	0.0	1873
intI1	NZ_NXJK01000094.1	100.000	1014	0	0	1	1014	140	1153	0.0	1873
intI1	NZ_NXJJ01000004.1	100.000	1014	0	0	1	1014	140	1153	0.0	1873
intI1	NZ_NXJI01000095.1	100.000	1014	0	0	1	1014	140	1153	0.0	1873
intI1	NZ_NXIU01000107.1	100.000	1014	0	0	1	1014	1021	8	0.0	1873
intI1	NZ_NXHJ01000072.1	100.000	1014	0	0	1	1014	144	1157	0.0	1873
intI1	NZ_NPHB01000061.1	100.000	1014	0	0	1	1014	1223	210	0.0	1873
intI1	NZ_NPHA01000061.1	100.000	1014	0	0	1	1014	1223	210	0.0	1873
intI1	NZ_NLDV01000067.1	100.000	1014	0	0	1	1014	1559	546	0.0	1873
intI1	NZ_CP028389.3	100.000	1014	0	0	1	1014	155965	154952	0.0	1873
intI1	NZ_CP036363.1	100.000	1014	0	0	1	1014	3684	2671	0.0	1873
intI1	NZ_CP022146.1	100.000	1014	0	0	1	1014	5066	4053	0.0	1873
intI1	NZ_NIZK01000231.1	100.000	1014	0	0	1	1014	41344	42357	0.0	1873
intI1	NZ_NIZI01000151.1	100.000	1014	0	0	1	1014	1980	2993	0.0	1873
intI1	NZ_CP021741.1	100.000	1014	0	0	1	1014	63687	62674	0.0	1873
intI1	NZ_NFWC01000053.1	100.000	1014	0	0	1	1014	1212	2225	0.0	1873
intI1	NZ_NFXM01000024.1	100.000	1014	0	0	1	1014	14001	15014	0.0	1873
intI1	NZ_NFVZ01000057.1	100.000	1014	0	0	1	1014	1212	2225	0.0	1873
intI1	NZ_NFVJ01000044.1	100.000	1014	0	0	1	1014	2501	1488	0.0	1873
intI1	NZ_NDEH01000068.1	100.000	1014	0	0	1	1014	1197	184	0.0	1873
intI1	NZ_CP020842.1	100.000	1014	0	0	1	1014	101210	102223	0.0	1873
intI1	NZ_MCNI01000030.1	100.000	1014	0	0	1	1014	3482	2469	0.0	1873
intI1	NZ_MPCG01000009.1	100.000	1014	0	0	1	1014	12392	13405	0.0	1873
intI1	NZ_MPCG01000003.1	100.000	1014	0	0	1	1014	9989	11002	0.0	1873
intI1	NZ_MPCG01000003.1	99.901	1014	1	0	1	1014	262310	261297	0.0	1868
intI1	NZ_CP012566.1	100.000	1014	0	0	1	1014	83128	82115	0.0	1873
intI1	NZ_CP012564.1	100.000	1014	0	0	1	1014	12172	11159	0.0	1873
intI1	NZ_CP012571.1	100.000	1014	0	0	1	1014	88889	89902	0.0	1873
intI1	NZ_CP012569.1	100.000	1014	0	0	1	1014	12172	11159	0.0	1873
intI1	NZ_MAGH01000007.1	100.000	1014	0	0	1	1014	2831	3844	0.0	1873
intI1	NZ_MAGF01000080.1	100.000	1014	0	0	1	1014	140	1153	0.0	1873
intI1	NZ_MAGC01000015.1	100.000	1014	0	0	1	1014	60733	59720	0.0	1873
intI1	NZ_CP016919.1	100.000	1014	0	0	1	1014	33285	34298	0.0	1873
intI1	NZ_LXMS01000031.1	100.000	1014	0	0	1	1014	4907	5920	0.0	1873
intI1	NZ_CP015500.1	100.000	1014	0	0	1	1014	2393027	2394040	0.0	1873
intI1	NZ_LOEJ01000032.1	100.000	1014	0	0	1	1014	38463	37450	0.0	1873
intI1	NZ_LN824133.1	100.000	1014	0	0	1	1014	2810771	2809758	0.0	1873
intI1	NZ_CCHH01000030.1	100.000	1014	0	0	1	1014	2071	1058	0.0	1873
intI1	NZ_CCGG01000043.1	100.000	1014	0	0	1	1014	7333	8346	0.0	1873
intI1	NZ_JSER01000058.1	100.000	1014	0	0	1	1014	3440	2427	0.0	1873
intI1	NZ_CAXYOG010000001.1	100.000	1014	0	0	1	1014	266317	265304	0.0	1873
intI1	NZ_CAXYOG010000001.1	99.901	1014	1	0	1	1014	287506	288519	0.0	1868
intI1	NZ_CAXYOG010000001.1	99.901	1014	1	0	1	1014	294684	295697	0.0	1868
intI1	NZ_CAXYOG010000001.1	99.451	364	2	0	1	364	301307	301670	0.0	662
intI1	NZ_CAXYOM010000009.1	100.000	1014	0	0	1	1014	97595	98608	0.0	1873
intI1	NZ_CAXYNH010000002.1	100.000	1014	0	0	1	1014	41433	40420	0.0	1873
intI1	NZ_CAXYNH010000002.1	99.901	1014	1	0	1	1014	62622	63635	0.0	1868
intI1	NZ_CAXYNH010000002.1	99.901	1014	1	0	1	1014	69800	70813	0.0	1868
intI1	NZ_CAXYNH010000002.1	99.451	364	2	0	1	364	76423	76786	0.0	662
intI1	NZ_JCAKZP010000027.1	100.000	1014	0	0	1	1014	12011	10998	0.0	1873
intI1	NZ_JBPBOG010000030.1	100.000	1014	0	0	1	1014	21062	22075	0.0	1873
intI1	NZ_JBFTDZ010000002.1	100.000	1014	0	0	1	1014	35406	34393	0.0	1873
intI1	NZ_JAMHAW010000045.1	100.000	1014	0	0	1	1014	140	1153	0.0	1873
intI1	NZ_JAMHAX010000044.1	100.000	1014	0	0	1	1014	1313	300	0.0	1873
intI1	NZ_JAMHAX010000044.1	100.000	32	0	0	270	301	11126	11095	2.90e-05	60.2
intI1	NZ_JAMHAY010000045.1	100.000	1014	0	0	1	1014	11326	12339	0.0	1873
intI1	NZ_JAMHAY010000045.1	100.000	32	0	0	270	301	1513	1544	2.90e-05	60.2
intI1	NZ_JAYDXM010000256.1	100.000	1014	0	0	1	1014	1216	203	0.0	1873
intI1	NZ_JAYDXE010000108.1	100.000	1014	0	0	1	1014	909	1922	0.0	1873
intI1	NZ_JATACV010000025.1	100.000	1014	0	0	1	1014	1216	203	0.0	1873
intI1	NZ_CP135501.1	100.000	1014	0	0	1	1014	4466	3453	0.0	1873
intI1	NZ_CP135476.1	100.000	1014	0	0	1	1014	67211	68224	0.0	1873
intI1	NZ_CP135476.1	99.901	1014	1	0	1	1014	31593	30580	0.0	1868
intI1	NZ_JASDEE010000063.1	100.000	1014	0	0	1	1014	1223	210	0.0	1873
intI1	NZ_CP117725.1	100.000	1014	0	0	1	1014	12442	11429	0.0	1873
intI1	NZ_JAIPKY010000003.1	100.000	1014	0	0	1	1014	294394	295407	0.0	1873
intI1	NZ_JAIPKY010000003.1	100.000	1014	0	0	1	1014	300792	299779	0.0	1873
intI1	NZ_JAIPKY010000003.1	99.803	1014	2	0	1	1014	290191	291204	0.0	1862
intI1	NZ_JAIPKY010000003.1	100.000	660	0	0	355	1014	304641	303982	0.0	1219
intI1	NZ_CP103752.1	100.000	1014	0	0	1	1014	33325	32312	0.0	1873
intI1	NZ_CP103752.1	99.901	1014	1	0	1	1014	178109	177096	0.0	1868
intI1	NZ_CP103752.1	99.451	364	2	0	1	364	30388	30751	0.0	662
intI1	NZ_JAKMLP010000074.1	100.000	1014	0	0	1	1014	1216	203	0.0	1873
intI1	NZ_CP083843.1	100.000	1014	0	0	1	1014	197531	198544	0.0	1873
intI1	NZ_CP083843.1	99.408	1014	2	2	1	1014	94722	93713	0.0	1836
intI1	NZ_CP080108.1	100.000	1014	0	0	1	1014	97198	96185	0.0	1873
intI1	NZ_JAGSXX010000006.1	100.000	1014	0	0	1	1014	14293	13280	0.0	1873
intI1	NZ_SWFZ01000084.1	100.000	1014	0	0	1	1014	1737	724	0.0	1873
intI1	NZ_QFLP01000135.1	100.000	1014	0	0	1	1014	3199	4212	0.0	1873
intI1	NZ_PGIQ01000103.1	100.000	1014	0	0	1	1014	140	1153	0.0	1873
intI1	DBNRYD010000129.1	100.000	1014	0	0	1	1014	123	1136	0.0	1873
intI1	DBNRWD010000126.1	100.000	1014	0	0	1	1014	2501	1488	0.0	1873
intI1	DBNRVZ010000106.1	100.000	1014	0	0	1	1014	1215	202	0.0	1873
intI1	DBNRVF010000141.1	100.000	1014	0	0	1	1014	3682	4695	0.0	1873
intI1	DBNRUP010000094.1	100.000	1014	0	0	1	1014	17840	16827	0.0	1873
intI1	JBXUIS010000006.1	100.000	1014	0	0	1	1014	11046	12059	0.0	1873
intI1	JBPBOG010000030.1	100.000	1014	0	0	1	1014	21062	22075	0.0	1873
intI1	JBQYRP010000100.1	100.000	1014	0	0	1	1014	140	1153	0.0	1873
intI1	ABXCFC010000057.1	100.000	1014	0	0	1	1014	1729	716	0.0	1873
intI1	ABXCFC010000024.1	100.000	1014	0	0	1	1014	11453	10440	0.0	1873
intI1	DBCAWJ010000088.1	100.000	1014	0	0	1	1014	4328	5341	0.0	1873
intI1	ABVOOS010000099.1	100.000	1014	0	0	1	1014	1599	586	0.0	1873
intI1	ABVOOS010000050.1	100.000	1014	0	0	1	1014	4836	5849	0.0	1873
intI1	DAQLAV010000072.1	100.000	1014	0	0	1	1014	4328	5341	0.0	1873
intI1	JAUPXB010000003.1	100.000	1014	0	0	1	1014	52778	51765	0.0	1873
intI1	JAUPXB010000003.1	100.000	1014	0	0	1	1014	77857	78870	0.0	1873
intI1	DAOHWF010000065.1	100.000	1014	0	0	1	1014	1662	2675	0.0	1873
intI1	DALQMV010000223.1	100.000	1014	0	0	1	1014	2257	1244	0.0	1873
intI1	DALQMV010000222.1	100.000	1014	0	0	1	1014	2257	1244	0.0	1873
intI1	DALQMV010000090.1	100.000	1014	0	0	1	1014	15478	16491	0.0	1873
intI1	DALQKJ010000157.1	100.000	1014	0	0	1	1014	2463	1450	0.0	1873
intI1	DALQKJ010000067.1	100.000	1014	0	0	1	1014	15561	16574	0.0	1873
intI1	DAKCDF010000066.1	100.000	1014	0	0	1	1014	2329	3342	0.0	1873
intI1	DAIHWO010000095.1	100.000	1014	0	0	1	1014	4882	3869	0.0	1873
intI1	DAIHWO010000067.1	100.000	1014	0	0	1	1014	1016	2029	0.0	1873
intI1	JAKMLP010000074.1	100.000	1014	0	0	1	1014	1216	203	0.0	1873
intI1	CP083843.1	100.000	1014	0	0	1	1014	197531	198544	0.0	1873
intI1	CP083843.1	99.408	1014	2	2	1	1014	94722	93713	0.0	1836
intI1	DAGZNC010000165.1	100.000	1014	0	0	1	1014	1255	242	0.0	1873
intI1	DAGZNC010000050.1	100.000	1014	0	0	1	1014	5325	4312	0.0	1873
intI1	DAFNLN010000081.1	100.000	1014	0	0	1	1014	1195	182	0.0	1873
intI1	DAFKSN010000124.1	100.000	1014	0	0	1	1014	877	1890	0.0	1873
intI1	JAGSXX010000006.1	100.000	1014	0	0	1	1014	14293	13280	0.0	1873
intI1	QFLP01000135.1	100.000	1014	0	0	1	1014	3199	4212	0.0	1873
intI1	PGIQ01000103.1	100.000	1014	0	0	1	1014	140	1153	0.0	1873
intI1	LRJQ01000036.1	100.000	1014	0	0	1	1014	28001	29014	0.0	1873
intI1	NZ_NJTM01000047.1	100.000	1014	0	0	1	1014	23409	24422	0.0	1873
intI1	NZ_NKEK01000111.1	100.000	1014	0	0	1	1014	1470	457	0.0	1873
intI1	NZ_NXIR01000080.1	100.000	1014	0	0	1	1014	2264	1251	0.0	1873
intI1	NZ_CP023531.1	100.000	1014	0	0	1	1014	4404103	4403090	0.0	1873
intI1	NZ_NWAR01000076.1	100.000	1014	0	0	1	1014	5255	4242	0.0	1873
intI1	NZ_NWAK01000039.1	100.000	1014	0	0	1	1014	22616	21603	0.0	1873
intI1	NZ_CP023360.1	100.000	1014	0	0	1	1014	10931	9918	0.0	1873
intI1	NZ_NIFW01000002.1	100.000	1014	0	0	1	1014	4733897	4732884	0.0	1873
intI1	NZ_NIFW01000002.1	99.901	1014	1	0	1	1014	4759234	4760247	0.0	1868
intI1	NZ_NKYO01000019.1	100.000	1014	0	0	1	1014	48278	47265	0.0	1873
intI1	NZ_CM008265.1	100.000	1014	0	0	1	1014	89031	88018	0.0	1873
intI1	NZ_CM008265.1	100.000	68	0	0	1	68	102842	102909	2.82e-25	126
intI1	NZ_NQAI02000010.1	100.000	1014	0	0	1	1014	3944	4957	0.0	1873
intI1	NZ_NLQX01000046.1	100.000	1014	0	0	1	1014	6826	5813	0.0	1873
intI1	NZ_NLRN01000026.1	100.000	1014	0	0	1	1014	15724	16737	0.0	1873
intI1	NZ_NLQR01000060.1	100.000	1014	0	0	1	1014	12764	13777	0.0	1873
intI1	NZ_NLQP01000095.1	100.000	1014	0	0	1	1014	3886	4899	0.0	1873
intI1	NZ_NLRP01000016.1	100.000	1014	0	0	1	1014	99372	100385	0.0	1873
intI1	NZ_NLQZ01000048.1	100.000	1014	0	0	1	1014	6826	5813	0.0	1873
intI1	NZ_NLPB01000053.1	100.000	1014	0	0	1	1014	10200	11213	0.0	1873
intI1	NZ_NLNQ01000091.1	100.000	1014	0	0	1	1014	1568	2581	0.0	1873
intI1	NZ_NLHW01000040.1	100.000	1014	0	0	1	1014	6876	5863	0.0	1873
intI1	NZ_NLHV01000171.1	100.000	1014	0	0	1	1014	12922	13935	0.0	1873
intI1	NZ_NHTF01000029.1	100.000	1014	0	0	1	1014	14051	15064	0.0	1873
intI1	NZ_CP021846.1	100.000	1014	0	0	1	1014	22256	23269	0.0	1873
intI1	NZ_CP021845.1	100.000	1014	0	0	1	1014	82040	81027	0.0	1873
intI1	NZ_NHPT01000023.1	100.000	1014	0	0	1	1014	64279	63266	0.0	1873
intI1	NZ_CP021734.1	100.000	1014	0	0	1	1014	67677	68690	0.0	1873
intI1	NZ_LYCA01000433.1	100.000	1014	0	0	1	1014	3071	4084	0.0	1873
intI1	NZ_LYCB01000274.1	100.000	1014	0	0	1	1014	1274	261	0.0	1873
intI1	NZ_CP032888.1	100.000	1014	0	0	1	1014	18469	17456	0.0	1873
intI1	NZ_MUKK01000048.1	100.000	1014	0	0	1	1014	11276	10263	0.0	1873
intI1	NZ_MUJE01000022.1	100.000	1014	0	0	1	1014	9491	10504	0.0	1873
intI1	NZ_NBVY01000061.1	100.000	1014	0	0	1	1014	5364	4351	0.0	1873
intI1	NZ_NBVT01000064.1	100.000	1014	0	0	1	1014	13511	14524	0.0	1873
intI1	NZ_NENF01000052.1	100.000	1014	0	0	1	1014	2123	3136	0.0	1873
intI1	NZ_NEMS01000022.1	100.000	1014	0	0	1	1014	64688	63675	0.0	1873
intI1	NZ_NEOB01000024.1	100.000	1014	0	0	1	1014	2350	3363	0.0	1873
intI1	NZ_NAFX01000138.1	100.000	1014	0	0	1	1014	6667	5654	0.0	1873
intI1	NZ_JZXK01000067.1	100.000	1014	0	0	1	1014	10286	9273	0.0	1873
intI1	NZ_MDSF01000019.1	100.000	1014	0	0	1	1014	7000	5987	0.0	1873
intI1	NZ_MDFS01000027.1	100.000	1014	0	0	1	1014	9828	8815	0.0	1873
intI1	NZ_CP018994.1	100.000	1014	0	0	1	1014	11674	10661	0.0	1873
intI1	NZ_CP018977.1	100.000	1014	0	0	1	1014	52076	53089	0.0	1873
intI1	NZ_CP018945.1	100.000	1014	0	0	1	1014	4325	5338	0.0	1873
intI1	NZ_MOZM01000098.1	100.000	1014	0	0	1	1014	1212	2225	0.0	1873
intI1	NZ_MOYZ01000133.1	100.000	1014	0	0	1	1014	1372	359	0.0	1873
intI1	NZ_MOYW01000124.1	100.000	1014	0	0	1	1014	1274	261	0.0	1873
intI1	NZ_MOZZ01000024.1	100.000	1014	0	0	1	1014	35079	34066	0.0	1873
intI1	NZ_CP019356.1	100.000	1014	0	0	1	1014	240854	239841	0.0	1873
intI1	NZ_CP019356.1	99.901	1014	1	0	1	1014	186220	187233	0.0	1868
intI1	NZ_LRLF01000064.1	100.000	1014	0	0	1	1014	2780	3793	0.0	1873
intI1	NZ_LRKO01000182.1	100.000	1014	0	0	1	1014	32890	31877	0.0	1873
intI1	NZ_LGMU01000044.1	100.000	1014	0	0	1	1014	30410	29397	0.0	1873
intI1	NZ_LGNF01000048.1	100.000	1014	0	0	1	1014	2737	3750	0.0	1873
intI1	NZ_LGML01000196.1	100.000	1014	0	0	1	1014	7233	6220	0.0	1873
intI1	NZ_MKIZ01000001.1	100.000	1014	0	0	1	1014	197064	196051	0.0	1873
intI1	NZ_CP013483.1	100.000	1014	0	0	1	1014	3806327	3807340	0.0	1873
intI1	NZ_MIXN01000072.1	100.000	1014	0	0	1	1014	747	1760	0.0	1873
intI1	NZ_MIWT01000064.1	100.000	1014	0	0	1	1014	747	1760	0.0	1873
intI1	NZ_MIVX01000023.1	100.000	1014	0	0	1	1014	13925	14938	0.0	1873
intI1	NZ_LXWO01000061.1	100.000	1014	0	0	1	1014	2313	3326	0.0	1873
intI1	NZ_CP016546.1	100.000	1014	0	0	1	1014	4985829	4984816	0.0	1873
intI1	NZ_LFHU01000036.1	100.000	1014	0	0	1	1014	997	2010	0.0	1873
intI1	NZ_LWUK01000020.1	100.000	1014	0	0	1	1014	58590	57577	0.0	1873
intI1	NZ_LSET01000097.1	100.000	1014	0	0	1	1014	2903	3916	0.0	1873
intI1	NZ_LCVI01000155.1	100.000	1014	0	0	1	1014	149008	150021	0.0	1873
intI1	NZ_JYPB01000113.1	100.000	1014	0	0	1	1014	1480	467	0.0	1873
intI1	NZ_LVSD01000019.1	100.000	1014	0	0	1	1014	11433	10420	0.0	1873
intI1	NZ_LVRN01000263.1	100.000	1014	0	0	1	1014	35079	34066	0.0	1873
intI1	NZ_LVQD01000008.1	100.000	1014	0	0	1	1014	807	1820	0.0	1873
intI1	NZ_LOCT01000044.1	100.000	1014	0	0	1	1014	28466	27453	0.0	1873
intI1	NZ_LQTE01000055.1	100.000	1014	0	0	1	1014	2496	1483	0.0	1873
intI1	NZ_LQSY01000044.1	100.000	1014	0	0	1	1014	215	1228	0.0	1873
intI1	NZ_LQWC01000010.1	100.000	1014	0	0	1	1014	12087	11074	0.0	1873
intI1	NZ_LQVG02000003.1	100.000	1014	0	0	1	1014	132101	131088	0.0	1873
intI1	NZ_LQSZ01000107.1	100.000	1014	0	0	1	1014	1640	627	0.0	1873
intI1	NZ_LQSA01000142.1	100.000	1014	0	0	1	1014	364	1377	0.0	1873
intI1	NZ_LQSM01000048.1	100.000	1014	0	0	1	1014	21931	22944	0.0	1873
intI1	NZ_LLYJ01000009.1	100.000	1014	0	0	1	1014	2481	1468	0.0	1873
intI1	NZ_LLYF01000011.1	100.000	1014	0	0	1	1014	2481	1468	0.0	1873
intI1	NZ_LIUW01000017.1	100.000	1014	0	0	1	1014	84541	83528	0.0	1873
intI1	NZ_CYBU01000056.1	100.000	1014	0	0	1	1014	9040	8027	0.0	1873
intI1	NZ_CXZR01000061.1	100.000	1014	0	0	1	1014	5306	4293	0.0	1873
intI1	NZ_CXZW01000050.1	100.000	1014	0	0	1	1014	2348	3361	0.0	1873
intI1	NZ_CYCO01000050.1	100.000	1014	0	0	1	1014	2302	3315	0.0	1873
intI1	NZ_CYCI01000091.1	100.000	1014	0	0	1	1014	10232	9219	0.0	1873
intI1	NZ_CYBK01000057.1	100.000	1014	0	0	1	1014	822	1835	0.0	1873
intI1	NZ_CYCA01000087.1	100.000	1014	0	0	1	1014	6875	5862	0.0	1873
intI1	NZ_CYCR01000051.1	100.000	1014	0	0	1	1014	2055	3068	0.0	1873
intI1	NZ_CXZC01000043.1	100.000	1014	0	0	1	1014	2370	3383	0.0	1873
intI1	NZ_CYBN01000081.1	100.000	1014	0	0	1	1014	5314	4301	0.0	1873
intI1	NZ_CYGA01000050.1	100.000	1014	0	0	1	1014	18093	17080	0.0	1873
intI1	NZ_CYBQ01000080.1	100.000	1014	0	0	1	1014	2736	1723	0.0	1873
intI1	NZ_CYDT01000076.1	100.000	1014	0	0	1	1014	2492	3505	0.0	1873
intI1	NZ_CYAD01000098.1	100.000	1014	0	0	1	1014	1788	775	0.0	1873
intI1	NZ_CYFN01000141.1	100.000	1014	0	0	1	1014	1057	2070	0.0	1873
intI1	NZ_CXXX01000075.1	100.000	1014	0	0	1	1014	81294	80281	0.0	1873
intI1	NZ_JHTJ01000061.1	100.000	1014	0	0	1	1014	6952	5939	0.0	1873
intI1	NZ_JHSK01000005.1	100.000	1014	0	0	1	1014	182890	181877	0.0	1873
intI1	NZ_JHSJ01000158.1	100.000	1014	0	0	1	1014	324	1337	0.0	1873
intI1	NZ_JHSF01000093.1	100.000	1014	0	0	1	1014	10209	9196	0.0	1873
intI1	NZ_JHSE01000170.1	100.000	1014	0	0	1	1014	2062	3075	0.0	1873
intI1	NZ_JHSB01000008.1	100.000	1014	0	0	1	1014	2781	3794	0.0	1873
intI1	NZ_JHRZ01000065.1	100.000	1014	0	0	1	1014	1745	732	0.0	1873
intI1	NZ_JHRH01000146.1	100.000	1014	0	0	1	1014	2404	1391	0.0	1873
intI1	NZ_JHQW01000056.1	100.000	1014	0	0	1	1014	3003	4016	0.0	1873
intI1	NZ_JHQV01000042.1	100.000	1014	0	0	1	1014	23368	22355	0.0	1873
intI1	NZ_HF572917.1	100.000	1014	0	0	1	1014	4367149	4366136	0.0	1873
intI1	NZ_JXVQ01000361.1	100.000	1014	0	0	1	1014	1216	203	0.0	1873
intI1	NZ_JRLN01000047.1	100.000	1014	0	0	1	1014	5392	4379	0.0	1873
intI1	NZ_LM995504.1	100.000	1014	0	0	1	1014	81962	80949	0.0	1873
intI1	NZ_CP010315.1	100.000	1014	0	0	1	1014	1713130	1712117	0.0	1873
intI1	NZ_JWKC01000202.1	100.000	1014	0	0	1	1014	1217	204	0.0	1873
intI1	NZ_JUCU01000106.1	100.000	1014	0	0	1	1014	4867	3854	0.0	1873
intI1	NZ_JUCW01000121.1	100.000	1014	0	0	1	1014	301	1314	0.0	1873
intI1	NZ_JICF01000025.1	100.000	1014	0	0	1	1014	4712	5725	0.0	1873
intI1	NZ_JAAOET010000008.1	99.901	1014	1	0	1	1014	166156	165143	0.0	1868
intI1	NZ_JAAOET010000008.1	99.814	538	1	0	1	538	174758	174221	0.0	989
intI1	NZ_JAALHG010000040.1	99.901	1014	1	0	1	1014	5028	4015	0.0	1868
intI1	NZ_JACCIJ010000080.1	99.901	1014	1	0	1	1014	3367	4380	0.0	1868
intI1	NZ_JACCIH010000071.1	99.901	1014	1	0	1	1014	4758	5771	0.0	1868
intI1	NZ_CP056774.1	99.901	1014	1	0	1	1014	5263419	5262406	0.0	1868
intI1	NZ_CP056774.1	99.901	1014	1	0	1	1014	6273210	6274223	0.0	1868
intI1	NZ_CP056774.1	99.901	1014	1	0	1	1014	6286495	6287508	0.0	1868
intI1	NZ_CP056774.1	99.668	301	1	0	1	301	6261385	6261685	3.92e-153	551
intI1	NZ_JABLTW010000106.1	99.901	1014	1	0	1	1014	1216	203	0.0	1868
intI1	NZ_SWGR01000131.1	99.901	1014	1	0	1	1014	2817	3830	0.0	1868
intI1	NZ_SWGO01000082.1	99.901	1014	1	0	1	1014	13144	12131	0.0	1868
intI1	NZ_SWGG01000113.1	99.901	1014	1	0	1	1014	1216	203	0.0	1868
intI1	NZ_WUDM01000176.1	99.901	1014	1	0	1	1014	6022	7035	0.0	1868
intI1	NZ_WUDL01000140.1	99.901	1014	1	0	1	1014	6022	7035	0.0	1868
intI1	NZ_CP039991.1	99.901	1014	1	0	1	1014	211457	210444	0.0	1868
intI1	NZ_CP039991.1	99.901	1014	1	0	1	1014	254791	255804	0.0	1868
intI1	NZ_CP039991.1	99.668	301	1	0	1	301	220917	220617	3.92e-153	551
intI1	NZ_CP039991.1	99.668	301	1	0	1	301	245331	245631	3.92e-153	551
intI1	NZ_CP045739.1	99.901	1014	1	0	1	1014	6120957	6119944	0.0	1868
intI1	NZ_CP045739.1	99.803	1014	2	0	1	1014	3527449	3526436	0.0	1862
intI1	NZ_CP024630.1	99.901	1014	1	0	1	1014	5804023	5803010	0.0	1868
intI1	NZ_CP024630.1	99.803	1014	2	0	1	1014	5570059	5569046	0.0	1862
intI1	NZ_CP024630.1	99.668	301	1	0	1	301	5578136	5577836	3.92e-153	551
intI1	NZ_VMNQ01000003.1	99.901	1014	1	0	1	1014	78038	79051	0.0	1868
intI1	NZ_VMNP01000071.1	99.901	1014	1	0	1	1014	1263	250	0.0	1868
intI1	NZ_VMTW01000036.1	99.901	1014	1	0	1	1014	9222	8209	0.0	1868
intI1	NZ_CP043483.1	99.901	1014	1	0	1	1014	2457080	2456067	0.0	1868
intI1	NZ_CP043483.1	99.803	1014	2	0	1	1014	4739742	4740755	0.0	1862
intI1	NZ_CP043483.1	99.668	301	1	0	1	301	4729417	4729717	3.92e-153	551
intI1	NZ_CP040684.1	99.901	1014	1	0	1	1014	6397023	6398036	0.0	1868
intI1	NZ_CP041785.1	99.901	1014	1	0	1	1014	2584929	2585942	0.0	1868
intI1	NZ_CP041785.1	99.901	1014	1	0	1	1014	2588569	2589582	0.0	1868
intI1	NZ_CM131228.1	99.901	1014	1	0	1	1014	2435134	2434121	0.0	1868
intI1	NZ_CM131228.1	99.901	1014	1	0	1	1014	2480564	2479551	0.0	1868
intI1	NZ_SRKE01000077.1	99.901	1014	1	0	1	1014	1216	203	0.0	1868
intI1	NZ_RWQE01000002.1	99.901	1014	1	0	1	1014	963608	962595	0.0	1868
intI1	NZ_RWQD01000002.1	99.901	1014	1	0	1	1014	670555	669542	0.0	1868
intI1	NZ_SCXC01000030.1	99.901	1014	1	0	1	1014	1415	402	0.0	1868
intI1	NZ_SCWX01000079.1	99.901	1014	1	0	1	1014	2333	3346	0.0	1868
intI1	NZ_SBKB01000014.1	99.901	1014	1	0	1	1014	111224	110211	0.0	1868
intI1	NZ_SBJT01000032.1	99.901	1014	1	0	1	1014	4996	6009	0.0	1868
intI1	NZ_RXUR01000003.1	99.901	1014	1	0	1	1014	456559	455546	0.0	1868
intI1	NZ_RXCM01000011.1	99.901	1014	1	0	1	1014	74138	73125	0.0	1868
intI1	NZ_RXWS01000043.1	99.901	1014	1	0	1	1014	40082	39069	0.0	1868
intI1	NZ_RXVL01000092.1	99.901	1014	1	0	1	1014	7379	8392	0.0	1868
intI1	NZ_RXVZ01000124.1	99.901	1014	1	0	1	1014	6021	7034	0.0	1868
intI1	NZ_RXVB01000034.1	99.901	1014	1	0	1	1014	67142	66129	0.0	1868
intI1	NZ_RXSY01000085.1	99.901	1014	1	0	1	1014	13534	12521	0.0	1868
intI1	NZ_RXTN01000057.1	99.901	1014	1	0	1	1014	6979	7992	0.0	1868
intI1	NZ_RXTL01000080.1	99.901	1014	1	0	1	1014	1129	116	0.0	1868
intI1	NZ_RWXN01000092.1	99.901	1014	1	0	1	1014	115412	114399	0.0	1868
intI1	NZ_RWWJ01000098.1	99.901	1014	1	0	1	1014	38278	37265	0.0	1868
intI1	NZ_CP034354.1	99.901	1014	1	0	1	1014	1404117	1403104	0.0	1868
intI1	NZ_NSPI01000051.1	99.901	1014	1	0	1	1014	1410	397	0.0	1868
intI1	NZ_NTAF01000033.1	99.901	1014	1	0	1	1014	35264	34251	0.0	1868
intI1	NZ_NSVG01000010.1	99.901	1014	1	0	1	1014	174658	173645	0.0	1868
intI1	NZ_NSVE01000016.1	99.901	1014	1	0	1	1014	186162	185149	0.0	1868
intI1	NZ_NSVA01000042.1	99.901	1014	1	0	1	1014	13532	12519	0.0	1868
intI1	NZ_NSPP01000033.1	99.901	1014	1	0	1	1014	1930	2943	0.0	1868
intI1	NZ_NSPJ01000030.1	99.901	1014	1	0	1	1014	1413	400	0.0	1868
intI1	NZ_NSPH01000032.1	99.901	1014	1	0	1	1014	1339	326	0.0	1868
intI1	NZ_NSOS01000025.1	99.901	1014	1	0	1	1014	1413	400	0.0	1868
intI1	NZ_CP033834.1	99.901	1014	1	0	1	1014	8347	7334	0.0	1868
intI1	NZ_MCMD01000016.1	99.901	1014	1	0	1	1014	107283	108296	0.0	1868
intI1	NZ_QZYG01000172.1	99.901	1014	1	0	1	1014	22889	21876	0.0	1868
intI1	NZ_RAFY01000385.1	99.901	1014	1	0	1	1014	1349	336	0.0	1868
intI1	NZ_CP029605.1	99.901	1014	1	0	1	1014	5106558	5105545	0.0	1868
intI1	NZ_CP029605.1	99.901	1014	1	0	1	1014	5821511	5820498	0.0	1868
intI1	NZ_CP029605.1	99.803	1014	2	0	1	1014	2435102	2434089	0.0	1862
intI1	NZ_QVDE02000020.1	99.901	1014	1	0	1	1014	28215	29228	0.0	1868
intI1	NZ_QVCQ02000139.1	99.901	1014	1	0	1	1014	6654	7667	0.0	1868
intI1	NZ_QVCP02000073.1	99.901	1014	1	0	1	1014	28215	29228	0.0	1868
intI1	NZ_QVDB02000094.1	99.901	1014	1	0	1	1014	10174	11187	0.0	1868
intI1	NZ_QVBM02000001.1	99.901	1014	1	0	1	1014	102405	103418	0.0	1868
intI1	NZ_QVBJ02000003.1	99.901	1014	1	0	1	1014	69280	70293	0.0	1868
intI1	NZ_QMGO01000001.1	99.901	1014	1	0	1	1014	1337504	1338517	0.0	1868
intI1	NZ_QMGO01000001.1	99.901	1014	1	0	1	1014	6395194	6394181	0.0	1868
intI1	NZ_QMGP01000002.1	99.901	1014	1	0	1	1014	94724	93711	0.0	1868
intI1	NZ_QMGP01000001.1	99.901	1014	1	0	1	1014	1983618	1984631	0.0	1868
intI1	NZ_CP029707.1	99.901	1014	1	0	1	1014	4900894	4899881	0.0	1868
intI1	NZ_CP029707.1	99.901	1014	1	0	1	1014	4914958	4913945	0.0	1868
intI1	NZ_CP029707.1	99.901	1014	1	0	1	1014	5923839	5924852	0.0	1868
intI1	NZ_CP029707.1	99.668	301	1	0	1	301	4926783	4926483	3.92e-153	551
intI1	NZ_CP029745.1	99.901	1014	1	0	1	1014	352051	351038	0.0	1868
intI1	NZ_QJOY01000796.1	99.901	1014	1	0	1	1014	3775	4788	0.0	1868
intI1	NZ_QHLT01000415.1	99.901	1014	1	0	1	1014	144	1157	0.0	1868
intI1	NZ_CP029089.1	99.901	1014	1	0	1	1014	5092587	5091574	0.0	1868
intI1	NZ_CP029089.1	99.901	1014	1	0	1	1014	6177957	6176944	0.0	1868
intI1	NZ_CP029089.1	99.668	301	1	0	1	301	6188233	6187933	3.92e-153	551
intI1	NZ_CP027174.1	99.901	1014	1	0	1	1014	4949281	4948268	0.0	1868
intI1	NZ_CP027174.1	99.901	1014	1	0	1	1014	5934737	5935750	0.0	1868
intI1	NZ_CP027174.1	99.668	301	1	0	1	301	4961106	4960806	3.92e-153	551
intI1	NZ_CP024477.1	99.901	1014	1	0	1	1014	6585450	6584437	0.0	1868
intI1	NZ_NRFQ01000002.1	99.901	1014	1	0	1	1014	177703	176690	0.0	1868
intI1	NZ_CP017293.1	99.901	1014	1	0	1	1014	383462	384475	0.0	1868
intI1	NZ_CP017293.1	99.901	1014	1	0	1	1014	3160934	3159921	0.0	1868
intI1	NZ_CP017293.1	99.901	1014	1	0	1	1014	6205471	6204458	0.0	1868
intI1	NZ_CP017293.1	99.901	1014	1	0	1	1014	6218626	6217613	0.0	1868
intI1	NZ_CP017293.1	99.668	301	1	0	1	301	6230451	6230151	3.92e-153	551
intI1	NZ_CP022000.1	99.901	1014	1	0	1	1014	7116060	7117073	0.0	1868
intI1	NZ_NIJE01000146.1	99.901	1014	1	0	1	1014	142	1155	0.0	1868
intI1	NZ_NIIX01000094.1	99.901	1014	1	0	1	1014	4242	5255	0.0	1868
intI1	NZ_NIJD01000051.1	99.901	1014	1	0	1	1014	34044	35057	0.0	1868
intI1	NZ_MWKP01000308.1	99.901	1014	1	0	1	1014	65469	64456	0.0	1868
intI1	NZ_CP020603.1	99.901	1014	1	0	1	1014	2528945	2529958	0.0	1868
intI1	NZ_CP020603.1	99.901	1014	1	0	1	1014	2553260	2552247	0.0	1868
intI1	NZ_CP020603.1	99.901	1014	1	0	1	1014	5359493	5358480	0.0	1868
intI1	NZ_CP016955.1	99.901	1014	1	0	1	1014	2160452	2159439	0.0	1868
intI1	NZ_CP016955.1	99.803	1014	2	0	1	1014	3705883	3706896	0.0	1862
intI1	NZ_MZND01000250.1	99.901	1014	1	0	1	1014	237	1250	0.0	1868
intI1	NZ_MPCQ01000050.1	99.901	1014	1	0	1	1014	4189	5202	0.0	1868
intI1	NZ_MPVC01000040.1	99.901	1014	1	0	1	1014	1216	203	0.0	1868
intI1	NZ_MPVI01000134.1	99.901	1014	1	0	1	1014	1216	203	0.0	1868
intI1	NZ_MPUQ01000092.1	99.901	1014	1	0	1	1014	1191	178	0.0	1868
intI1	NZ_MPBO01000005.1	99.901	1014	1	0	1	1014	357119	356106	0.0	1868
intI1	NZ_MPBO01000002.1	99.901	1014	1	0	1	1014	512135	513148	0.0	1868
intI1	NZ_MPBQ01000001.1	99.901	1014	1	0	1	1014	724228	723215	0.0	1868
intI1	NZ_MPBQ01000001.1	99.901	1014	1	0	1	1014	737584	738597	0.0	1868
intI1	NZ_LZQH01000024.1	99.901	1014	1	0	1	1014	38869	37856	0.0	1868
intI1	NZ_LZQI01000058.1	99.901	1014	1	0	1	1014	4667	5680	0.0	1868
intI1	NZ_CP016215.1	99.901	1014	1	0	1	1014	55642	54629	0.0	1868
intI1	NZ_CP016215.1	100.000	927	0	0	1	927	97831	98757	0.0	1712
intI1	NZ_CP016215.1	100.000	90	0	0	925	1014	99372	99461	1.66e-37	167
intI1	NZ_AP014651.1	99.901	1014	1	0	1	1014	327335	328348	0.0	1868
intI1	NZ_AP014651.1	99.901	1014	1	0	1	1014	5292129	5291116	0.0	1868
intI1	NZ_AP014651.1	99.668	301	1	0	1	301	317059	317359	3.92e-153	551
intI1	NZ_AP014651.1	99.668	301	1	0	1	301	5302016	5301716	3.92e-153	551
intI1	NZ_LODN01000060.1	99.901	1014	1	0	1	1014	3997	5010	0.0	1868
intI1	NZ_LLTZ01000057.1	99.901	1014	1	0	1	1014	1355	342	0.0	1868
intI1	NZ_LLVJ01000085.1	99.901	1014	1	0	1	1014	4515	5528	0.0	1868
intI1	NZ_LLUS01000093.1	99.901	1014	1	0	1	1014	186019	185006	0.0	1868
intI1	NZ_LLUC01000050.1	99.901	1014	1	0	1	1014	1354	341	0.0	1868
intI1	NZ_LLUE01000001.1	99.901	1014	1	0	1	1014	137300	136287	0.0	1868
intI1	NZ_LLTS01000014.1	99.901	1014	1	0	1	1014	1216	203	0.0	1868
intI1	NZ_LLSL01000051.1	99.901	1014	1	0	1	1014	1216	203	0.0	1868
intI1	NZ_LLPY01000042.1	99.901	1014	1	0	1	1014	3318	4331	0.0	1868
intI1	NZ_LLTV01000026.1	99.901	1014	1	0	1	1014	1871	2884	0.0	1868
intI1	NZ_LLTF01000253.1	99.901	1014	1	0	1	1014	30012	28999	0.0	1868
intI1	NZ_LLSX01000068.1	99.901	1014	1	0	1	1014	2247	3260	0.0	1868
intI1	NZ_LLSK01000316.1	99.901	1014	1	0	1	1014	23	1036	0.0	1868
intI1	NZ_LLSJ01000001.1	99.901	1014	1	0	1	1014	628261	627248	0.0	1868
intI1	NZ_LLSI01000113.1	99.901	1014	1	0	1	1014	186103	185090	0.0	1868
intI1	NZ_LLRP01000070.1	99.901	1014	1	0	1	1014	8127	9140	0.0	1868
intI1	NZ_LLRN01000075.1	99.901	1014	1	0	1	1014	1216	203	0.0	1868
intI1	NZ_LLRM01000084.1	99.901	1014	1	0	1	1014	19888	20901	0.0	1868
intI1	NZ_LLOP01000029.1	99.901	1014	1	0	1	1014	162817	161804	0.0	1868
intI1	NZ_LLOL01000031.1	99.901	1014	1	0	1	1014	5249	6262	0.0	1868
intI1	NZ_LLNV01000096.1	99.901	1014	1	0	1	1014	1872	2885	0.0	1868
intI1	NZ_LLMD01000002.1	99.901	1014	1	0	1	1014	71404	72417	0.0	1868
intI1	NZ_LLMA01000078.1	99.901	1014	1	0	1	1014	183258	182245	0.0	1868
intI1	NZ_LLLX01000002.1	99.901	1014	1	0	1	1014	183258	182245	0.0	1868
intI1	NZ_LLLB01000019.1	99.901	1014	1	0	1	1014	75009	76022	0.0	1868
intI1	NZ_CVWQ01000099.1	99.901	1014	1	0	1	1014	72945	71932	0.0	1868
