Int1_NO_Pc	NZ_RXVB01000034.1	100.000	798	0	0	1	798	66926	66129	0.0	1474
Int1_NO_Pc	NZ_RXSY01000085.1	100.000	798	0	0	1	798	13318	12521	0.0	1474
Int1_NO_Pc	NZ_RXTN01000057.1	100.000	798	0	0	1	798	7195	7992	0.0	1474
Int1_NO_Pc	NZ_RXTL01000080.1	100.000	798	0	0	1	798	913	116	0.0	1474
Int1_NO_Pc	NZ_RXTF01000047.1	100.000	798	0	0	1	798	59619	58822	0.0	1474
Int1_NO_Pc	NZ_RXSX01000003.1	100.000	798	0	0	1	798	1027573	1026776	0.0	1474
Int1_NO_Pc	NZ_RXTA01000067.1	100.000	798	0	0	1	798	39201	39998	0.0	1474
Int1_NO_Pc	NZ_RXTB01000246.1	100.000	798	0	0	1	798	332	1129	0.0	1474
Int1_NO_Pc	NZ_BIFN01000182.1	100.000	798	0	0	1	798	1000	203	0.0	1474
Int1_NO_Pc	NZ_RWWW01000055.1	100.000	798	0	0	1	798	131436	130639	0.0	1474
Int1_NO_Pc	NZ_RWWJ01000098.1	100.000	798	0	0	1	798	38062	37265	0.0	1474
Int1_NO_Pc	NZ_RWWM01000128.1	100.000	798	0	0	1	798	904	107	0.0	1474
Int1_NO_Pc	NZ_CP034368.1	100.000	798	0	0	1	798	6296357	6295560	0.0	1474
Int1_NO_Pc	NZ_CP034368.1	100.000	798	0	0	1	798	6490157	6489360	0.0	1474
Int1_NO_Pc	NZ_RRBK01000156.1	100.000	798	0	0	1	798	2568	1771	0.0	1474
Int1_NO_Pc	NZ_RRBM01000065.1	100.000	798	0	0	1	798	13801	13004	0.0	1474
Int1_NO_Pc	NZ_RRBL01000060.1	100.000	798	0	0	1	798	13801	13004	0.0	1474
Int1_NO_Pc	NZ_NSVW01000041.1	100.000	798	0	0	1	798	1215	418	0.0	1474
Int1_NO_Pc	NZ_NSVG01000010.1	100.000	798	0	0	1	798	174442	173645	0.0	1474
Int1_NO_Pc	NZ_NSVE01000016.1	100.000	798	0	0	1	798	185946	185149	0.0	1474
Int1_NO_Pc	NZ_NSUH01000061.1	100.000	798	0	0	1	798	5332	4535	0.0	1474
Int1_NO_Pc	NZ_NSPP01000033.1	100.000	798	0	0	1	798	2146	2943	0.0	1474
Int1_NO_Pc	NZ_NSQM01000047.1	100.000	798	0	0	1	798	5332	4535	0.0	1474
Int1_NO_Pc	NZ_NSPL01000005.1	100.000	798	0	0	1	798	400358	399561	0.0	1474
Int1_NO_Pc	NZ_NSNO01000038.1	100.000	798	0	0	1	798	2033	1236	0.0	1474
Int1_NO_Pc	NZ_NSMS01000002.1	100.000	798	0	0	1	798	107476	108273	0.0	1474
Int1_NO_Pc	NZ_CP033843.1	100.000	798	0	0	1	798	5122179	5122976	0.0	1474
Int1_NO_Pc	NZ_CP033833.1	100.000	798	0	0	1	798	2837662	2838459	0.0	1474
Int1_NO_Pc	NZ_CP033833.1	100.000	798	0	0	1	798	5746253	5745456	0.0	1474
Int1_NO_Pc	NZ_CP033439.1	100.000	798	0	0	1	798	6697164	6696367	0.0	1474
Int1_NO_Pc	NZ_CP033432.1	100.000	798	0	0	1	798	4838588	4837791	0.0	1474
Int1_NO_Pc	NZ_CP033432.1	100.000	608	0	0	1	608	4866521	4867128	0.0	1123
Int1_NO_Pc	NZ_CP033432.1	100.000	198	0	0	601	798	4830292	4830095	6.44e-98	366
Int1_NO_Pc	NZ_MCMD01000016.1	100.000	798	0	0	1	798	107499	108296	0.0	1474
Int1_NO_Pc	NZ_RABL01000131.1	100.000	798	0	0	1	798	1000	203	0.0	1474
Int1_NO_Pc	NZ_RABY01000151.1	100.000	798	0	0	1	798	143520	144317	0.0	1474
Int1_NO_Pc	NZ_RACC01000043.1	100.000	798	0	0	1	798	375643	374846	0.0	1474
Int1_NO_Pc	NZ_RACD01000139.1	100.000	798	0	0	1	798	68486	69283	0.0	1474
Int1_NO_Pc	NZ_RACG01000107.1	100.000	798	0	0	1	798	114227	115024	0.0	1474
Int1_NO_Pc	NZ_RACH01000737.1	100.000	798	0	0	1	798	3502	2705	0.0	1474
Int1_NO_Pc	NZ_RAEF01000109.1	100.000	798	0	0	1	798	2875	2078	0.0	1474
Int1_NO_Pc	NZ_RAEI01000046.1	100.000	798	0	0	1	798	9356	8559	0.0	1474
Int1_NO_Pc	NZ_RAFY01000385.1	100.000	798	0	0	1	798	1133	336	0.0	1474
Int1_NO_Pc	NZ_CP032257.1	100.000	798	0	0	1	798	2695698	2694901	0.0	1474
Int1_NO_Pc	NZ_CP032257.1	100.000	798	0	0	1	798	3681644	3682441	0.0	1474
Int1_NO_Pc	NZ_CP032257.1	100.000	85	0	0	1	85	2707523	2707439	4.22e-35	158
Int1_NO_Pc	NZ_CP031878.1	100.000	798	0	0	1	798	6818850	6818053	0.0	1474
Int1_NO_Pc	NZ_CP031878.1	100.000	27	0	0	1	27	732818	732792	0.007	51.0
Int1_NO_Pc	NZ_CP031876.1	100.000	798	0	0	1	798	6827612	6826815	0.0	1474
Int1_NO_Pc	NZ_QVDL02000034.1	100.000	798	0	0	1	798	9044	9841	0.0	1474
Int1_NO_Pc	NZ_QVCQ02000139.1	100.000	798	0	0	1	798	6870	7667	0.0	1474
Int1_NO_Pc	NZ_QVCP02000073.1	100.000	798	0	0	1	798	28431	29228	0.0	1474
Int1_NO_Pc	NZ_QVCF02000003.1	100.000	798	0	0	1	798	118137	118934	0.0	1474
Int1_NO_Pc	NZ_QVDB02000094.1	100.000	798	0	0	1	798	10390	11187	0.0	1474
Int1_NO_Pc	NZ_QVCN02000106.1	100.000	798	0	0	1	798	8742	7945	0.0	1474
Int1_NO_Pc	NZ_QVBM02000001.1	100.000	798	0	0	1	798	102621	103418	0.0	1474
Int1_NO_Pc	NZ_QFVU01000090.1	100.000	798	0	0	1	798	1000	203	0.0	1474
Int1_NO_Pc	NZ_QFTJ01000071.1	100.000	798	0	0	1	798	1047	250	0.0	1474
Int1_NO_Pc	NZ_QFTE01000094.1	100.000	798	0	0	1	798	1000	203	0.0	1474
Int1_NO_Pc	NZ_CP030912.1	100.000	798	0	0	1	798	5097917	5098714	0.0	1474
Int1_NO_Pc	NZ_CP030912.1	100.000	85	0	0	1	85	5089104	5089188	4.22e-35	158
Int1_NO_Pc	NZ_CP030913.1	100.000	798	0	0	1	798	5086420	5085623	0.0	1474
Int1_NO_Pc	NZ_CP030913.1	100.000	85	0	0	1	85	5095233	5095149	4.22e-35	158
Int1_NO_Pc	NZ_CP030913.1	100.000	85	0	0	1	85	5099248	5099164	4.22e-35	158
Int1_NO_Pc	NZ_CP029707.1	100.000	798	0	0	1	798	4900678	4899881	0.0	1474
Int1_NO_Pc	NZ_CP029707.1	100.000	798	0	0	1	798	4914742	4913945	0.0	1474
Int1_NO_Pc	NZ_CP029707.1	100.000	798	0	0	1	798	5924055	5924852	0.0	1474
Int1_NO_Pc	NZ_CP029707.1	100.000	85	0	0	1	85	4926567	4926483	4.22e-35	158
Int1_NO_Pc	NZ_QHLT01000415.1	100.000	798	0	0	1	798	360	1157	0.0	1474
Int1_NO_Pc	NZ_CP029147.1	100.000	798	0	0	1	798	3699347	3698550	0.0	1474
Int1_NO_Pc	NZ_CP029096.1	100.000	798	0	0	1	798	374694	375491	0.0	1474
Int1_NO_Pc	NZ_CP029089.1	100.000	798	0	0	1	798	5092371	5091574	0.0	1474
Int1_NO_Pc	NZ_CP029089.1	100.000	798	0	0	1	798	6177741	6176944	0.0	1474
Int1_NO_Pc	NZ_CP029089.1	100.000	85	0	0	1	85	6188017	6187933	4.22e-35	158
Int1_NO_Pc	NZ_CP027174.1	100.000	798	0	0	1	798	4949065	4948268	0.0	1474
Int1_NO_Pc	NZ_CP027174.1	100.000	798	0	0	1	798	5934953	5935750	0.0	1474
Int1_NO_Pc	NZ_CP027174.1	100.000	85	0	0	1	85	4960890	4960806	4.22e-35	158
Int1_NO_Pc	NZ_JPEY01000001.1	100.000	798	0	0	1	798	2001291	2000494	0.0	1474
Int1_NO_Pc	NZ_CP025054.1	100.000	798	0	0	1	798	47675	46878	0.0	1474
Int1_NO_Pc	NZ_NWBV01000210.1	100.000	798	0	0	1	798	334	1131	0.0	1474
Int1_NO_Pc	NZ_NMPW01000040.1	100.000	798	0	0	1	798	28746	27949	0.0	1474
Int1_NO_Pc	NZ_NMPT01000082.1	100.000	798	0	0	1	798	28746	27949	0.0	1474
Int1_NO_Pc	NZ_NMPU01000008.1	100.000	798	0	0	1	798	20727	19930	0.0	1474
Int1_NO_Pc	NZ_CP022001.1	100.000	798	0	0	1	798	5094383	5093586	0.0	1474
Int1_NO_Pc	NZ_NIJE01000146.1	100.000	798	0	0	1	798	358	1155	0.0	1474
Int1_NO_Pc	NZ_NIIX01000094.1	100.000	798	0	0	1	798	4458	5255	0.0	1474
Int1_NO_Pc	NZ_NIJC01000085.1	100.000	798	0	0	1	798	4458	5255	0.0	1474
Int1_NO_Pc	NZ_NIJD01000051.1	100.000	798	0	0	1	798	34260	35057	0.0	1474
Int1_NO_Pc	NZ_NIPD01000086.1	100.000	798	0	0	1	798	18865	19662	0.0	1474
Int1_NO_Pc	NZ_CP021774.1	100.000	798	0	0	1	798	6976490	6977287	0.0	1474
Int1_NO_Pc	NZ_NINS01000056.1	100.000	798	0	0	1	798	4705	5502	0.0	1474
Int1_NO_Pc	NZ_NINP01000004.1	100.000	798	0	0	1	798	510474	509677	0.0	1474
Int1_NO_Pc	NZ_MWKP01000308.1	100.000	798	0	0	1	798	65253	64456	0.0	1474
Int1_NO_Pc	NZ_NDFY01000081.1	100.000	798	0	0	1	798	102	899	0.0	1474
Int1_NO_Pc	NZ_NDFU01000096.1	100.000	798	0	0	1	798	1000	203	0.0	1474
Int1_NO_Pc	NZ_NDFT01000096.1	100.000	798	0	0	1	798	1000	203	0.0	1474
Int1_NO_Pc	NZ_NDFX01000086.1	100.000	798	0	0	1	798	1000	203	0.0	1474
Int1_NO_Pc	NZ_NDFV01000087.1	100.000	798	0	0	1	798	4620	5417	0.0	1474
Int1_NO_Pc	NZ_NDFR01000071.1	100.000	798	0	0	1	798	144	941	0.0	1474
Int1_NO_Pc	NZ_CP020703.1	100.000	798	0	0	1	798	6240371	6241168	0.0	1474
Int1_NO_Pc	NZ_CP020703.1	100.000	798	0	0	1	798	6245970	6246767	0.0	1474
Int1_NO_Pc	NZ_CP020704.1	100.000	798	0	0	1	798	6332309	6333106	0.0	1474
Int1_NO_Pc	NZ_CP020704.1	100.000	798	0	0	1	798	6337908	6338705	0.0	1474
Int1_NO_Pc	NZ_CP020603.1	100.000	798	0	0	1	798	2529161	2529958	0.0	1474
Int1_NO_Pc	NZ_CP020603.1	100.000	798	0	0	1	798	2553044	2552247	0.0	1474
Int1_NO_Pc	NZ_CP020603.1	100.000	798	0	0	1	798	5359277	5358480	0.0	1474
Int1_NO_Pc	NZ_MVDK01000065.1	100.000	798	0	0	1	798	1671	2468	0.0	1474
Int1_NO_Pc	NZ_MPCQ01000050.1	100.000	798	0	0	1	798	4405	5202	0.0	1474
Int1_NO_Pc	NZ_MPVC01000040.1	100.000	798	0	0	1	798	1000	203	0.0	1474
Int1_NO_Pc	NZ_MPVI01000134.1	100.000	798	0	0	1	798	1000	203	0.0	1474
Int1_NO_Pc	NZ_MPUQ01000092.1	100.000	798	0	0	1	798	975	178	0.0	1474
Int1_NO_Pc	NZ_MPVD01000104.1	100.000	798	0	0	1	798	975	178	0.0	1474
Int1_NO_Pc	NZ_MPBN01000001.1	100.000	798	0	0	1	798	5451147	5450350	0.0	1474
Int1_NO_Pc	NZ_MPBN01000001.1	100.000	798	0	0	1	798	6436027	6436824	0.0	1474
Int1_NO_Pc	NZ_MPBN01000001.1	100.000	85	0	0	1	85	6424202	6424286	4.22e-35	158
Int1_NO_Pc	NZ_MPBO01000005.1	100.000	798	0	0	1	798	356903	356106	0.0	1474
Int1_NO_Pc	NZ_MPBO01000002.1	100.000	798	0	0	1	798	512351	513148	0.0	1474
Int1_NO_Pc	NZ_MPBS01000001.1	100.000	798	0	0	1	798	20545	19748	0.0	1474
Int1_NO_Pc	NZ_MPBS01000001.1	100.000	798	0	0	1	798	6711984	6711187	0.0	1474
Int1_NO_Pc	NZ_MPBS01000001.1	100.000	798	0	0	1	798	6727574	6728371	0.0	1474
Int1_NO_Pc	NZ_MPBP01000001.1	100.000	798	0	0	1	798	1504146	1503349	0.0	1474
Int1_NO_Pc	NZ_MPBP01000001.1	99.875	798	1	0	1	798	5361214	5362011	0.0	1469
Int1_NO_Pc	NZ_MPBP01000001.1	99.875	798	1	0	1	798	5777606	5776809	0.0	1469
Int1_NO_Pc	NZ_LZQH01000024.1	100.000	798	0	0	1	798	38653	37856	0.0	1474
Int1_NO_Pc	NZ_LZQI01000058.1	100.000	798	0	0	1	798	4883	5680	0.0	1474
Int1_NO_Pc	NZ_CP016215.1	100.000	798	0	0	1	798	55426	54629	0.0	1474
Int1_NO_Pc	NZ_CP016215.1	100.000	711	0	0	1	711	98047	98757	0.0	1314
Int1_NO_Pc	NZ_CP016215.1	100.000	90	0	0	709	798	99372	99461	7.01e-38	167
Int1_NO_Pc	NZ_LRYR01000014.1	100.000	798	0	0	1	798	19623	20420	0.0	1474
Int1_NO_Pc	NZ_LRYF01000033.1	100.000	798	0	0	1	798	1726	2523	0.0	1474
Int1_NO_Pc	NZ_LRYE01000021.1	100.000	798	0	0	1	798	1726	2523	0.0	1474
Int1_NO_Pc	NZ_LRYD01000059.1	100.000	798	0	0	1	798	1726	2523	0.0	1474
Int1_NO_Pc	NZ_AP017302.1	100.000	798	0	0	1	798	414493	415290	0.0	1474
Int1_NO_Pc	NZ_AP017302.1	100.000	798	0	0	1	798	2607366	2606569	0.0	1474
Int1_NO_Pc	NZ_AP014651.1	100.000	798	0	0	1	798	327551	328348	0.0	1474
Int1_NO_Pc	NZ_AP014651.1	100.000	798	0	0	1	798	5291913	5291116	0.0	1474
Int1_NO_Pc	NZ_AP014651.1	100.000	85	0	0	1	85	317275	317359	4.22e-35	158
Int1_NO_Pc	NZ_AP014651.1	100.000	85	0	0	1	85	5301800	5301716	4.22e-35	158
Int1_NO_Pc	NZ_CP008857.1	100.000	798	0	0	1	798	6669311	6668514	0.0	1474
Int1_NO_Pc	NZ_LLVJ01000085.1	100.000	798	0	0	1	798	4731	5528	0.0	1474
Int1_NO_Pc	NZ_LLUY01000089.1	100.000	798	0	0	1	798	1998	2795	0.0	1474
Int1_NO_Pc	NZ_LLUS01000093.1	100.000	798	0	0	1	798	185803	185006	0.0	1474
Int1_NO_Pc	NZ_LLUC01000050.1	100.000	798	0	0	1	798	1138	341	0.0	1474
Int1_NO_Pc	NZ_LLTS01000014.1	100.000	798	0	0	1	798	1000	203	0.0	1474
Int1_NO_Pc	NZ_LLSQ01000053.1	100.000	798	0	0	1	798	15574	16371	0.0	1474
Int1_NO_Pc	NZ_LLSL01000051.1	100.000	798	0	0	1	798	1000	203	0.0	1474
Int1_NO_Pc	NZ_LLRT01000122.1	100.000	798	0	0	1	798	5236	4439	0.0	1474
Int1_NO_Pc	NZ_LLPY01000042.1	100.000	798	0	0	1	798	3534	4331	0.0	1474
Int1_NO_Pc	NZ_LLTO01000050.1	100.000	798	0	0	1	798	1000	203	0.0	1474
Int1_NO_Pc	NZ_LLTF01000253.1	100.000	798	0	0	1	798	29796	28999	0.0	1474
Int1_NO_Pc	NZ_LLSW01000068.1	100.000	798	0	0	1	798	5273	4476	0.0	1474
Int1_NO_Pc	NZ_LLSO01000031.1	100.000	798	0	0	1	798	67323	68120	0.0	1474
Int1_NO_Pc	NZ_LLSJ01000001.1	100.000	798	0	0	1	798	628045	627248	0.0	1474
Int1_NO_Pc	NZ_LLSI01000113.1	100.000	798	0	0	1	798	185887	185090	0.0	1474
Int1_NO_Pc	NZ_LLRX01000002.1	100.000	798	0	0	1	798	183039	182242	0.0	1474
Int1_NO_Pc	NZ_LLRP01000070.1	100.000	798	0	0	1	798	8343	9140	0.0	1474
Int1_NO_Pc	NZ_LLPT01000115.1	100.000	798	0	0	1	798	155	952	0.0	1474
Int1_NO_Pc	NZ_LLPL01000071.1	100.000	798	0	0	1	798	21253	22050	0.0	1474
Int1_NO_Pc	NZ_LLOM01000076.1	100.000	798	0	0	1	798	41707	40910	0.0	1474
Int1_NO_Pc	NZ_LLPC01000039.1	100.000	798	0	0	1	798	2445	1648	0.0	1474
Int1_NO_Pc	NZ_LLOT01000027.1	100.000	798	0	0	1	798	1138	341	0.0	1474
Int1_NO_Pc	NZ_LLOQ01000076.1	100.000	798	0	0	1	798	5117	5914	0.0	1474
Int1_NO_Pc	NZ_LLOL01000031.1	100.000	798	0	0	1	798	5465	6262	0.0	1474
Int1_NO_Pc	NZ_LLMV01000041.1	100.000	798	0	0	1	798	6238	7035	0.0	1474
Int1_NO_Pc	NZ_LLMC01000013.1	100.000	798	0	0	1	798	183042	182245	0.0	1474
Int1_NO_Pc	NZ_LLLZ01000088.1	100.000	798	0	0	1	798	1002	1799	0.0	1474
Int1_NO_Pc	NZ_LLMD01000002.1	100.000	798	0	0	1	798	71620	72417	0.0	1474
Int1_NO_Pc	NZ_LLLB01000019.1	100.000	798	0	0	1	798	75225	76022	0.0	1474
Int1_NO_Pc	NZ_CVWL01000379.1	100.000	798	0	0	1	798	5089	4292	0.0	1474
Int1_NO_Pc	NZ_CWFH01000038.1	100.000	798	0	0	1	798	2836	2039	0.0	1474
Int1_NO_Pc	NZ_CWFQ01000397.1	100.000	798	0	0	1	798	30873	31670	0.0	1474
Int1_NO_Pc	NZ_CVXB01000200.1	100.000	798	0	0	1	798	5089	4292	0.0	1474
Int1_NO_Pc	NZ_CVXA01000137.1	100.000	798	0	0	1	798	52955	53752	0.0	1474
Int1_NO_Pc	NZ_CVWZ01000178.1	100.000	798	0	0	1	798	9032	9829	0.0	1474
Int1_NO_Pc	NZ_CVVQ01000021.1	100.000	798	0	0	1	798	5089	4292	0.0	1474
Int1_NO_Pc	NZ_CVUX01000007.1	100.000	798	0	0	1	798	5089	4292	0.0	1474
Int1_NO_Pc	NZ_CVXL01000023.1	100.000	798	0	0	1	798	5089	4292	0.0	1474
Int1_NO_Pc	NZ_CVUN01000192.1	100.000	798	0	0	1	798	5089	4292	0.0	1474
Int1_NO_Pc	NZ_CWER01000165.1	100.000	798	0	0	1	798	2717	1920	0.0	1474
Int1_NO_Pc	NZ_CVWV01000016.1	100.000	798	0	0	1	798	9947	10744	0.0	1474
Int1_NO_Pc	NZ_CVWB01000082.1	100.000	798	0	0	1	798	7351	8148	0.0	1474
Int1_NO_Pc	NZ_CVWR01000046.1	100.000	798	0	0	1	798	5089	4292	0.0	1474
Int1_NO_Pc	NZ_CVWP01000175.1	100.000	798	0	0	1	798	5089	4292	0.0	1474
Int1_NO_Pc	NZ_CVWQ01000099.1	100.000	798	0	0	1	798	72729	71932	0.0	1474
Int1_NO_Pc	NZ_CVWT01000555.1	100.000	798	0	0	1	798	914	1711	0.0	1474
Int1_NO_Pc	NZ_CVWM01000015.1	100.000	798	0	0	1	798	4034	3237	0.0	1474
Int1_NO_Pc	NZ_CVWE01000137.1	100.000	798	0	0	1	798	6131	6928	0.0	1474
Int1_NO_Pc	NZ_CVWO01000134.1	100.000	798	0	0	1	798	921	1718	0.0	1474
Int1_NO_Pc	NZ_CVWI01000150.1	100.000	798	0	0	1	798	5089	4292	0.0	1474
Int1_NO_Pc	NZ_CVWJ01000176.1	100.000	798	0	0	1	798	9032	9829	0.0	1474
Int1_NO_Pc	NZ_CVUT01000183.1	100.000	798	0	0	1	798	9032	9829	0.0	1474
Int1_NO_Pc	NZ_CVVP01000224.1	100.000	798	0	0	1	798	5089	4292	0.0	1474
Int1_NO_Pc	NZ_CVVF01000171.1	100.000	798	0	0	1	798	5089	4292	0.0	1474
Int1_NO_Pc	NZ_CVVG01000173.1	100.000	798	0	0	1	798	5089	4292	0.0	1474
Int1_NO_Pc	NZ_CVVJ01000185.1	100.000	798	0	0	1	798	5089	4292	0.0	1474
Int1_NO_Pc	NZ_CVVO01000019.1	100.000	798	0	0	1	798	914	1711	0.0	1474
Int1_NO_Pc	NZ_CVVL01000201.1	100.000	798	0	0	1	798	9032	9829	0.0	1474
Int1_NO_Pc	NZ_CVVE01000152.1	100.000	798	0	0	1	798	5089	4292	0.0	1474
Int1_NO_Pc	NZ_CVVU01000104.1	100.000	798	0	0	1	798	1001	204	0.0	1474
Int1_NO_Pc	NZ_CVVY01000247.1	100.000	798	0	0	1	798	2539	1742	0.0	1474
Int1_NO_Pc	NZ_CVVH01000001.1	100.000	798	0	0	1	798	929	1726	0.0	1474
Int1_NO_Pc	NZ_CWFP01000391.1	100.000	798	0	0	1	798	22692	23489	0.0	1474
Int1_NO_Pc	NZ_CVVB01000046.1	100.000	798	0	0	1	798	927	1724	0.0	1474
Int1_NO_Pc	NZ_CVUZ01000128.1	100.000	798	0	0	1	798	407	1204	0.0	1474
Int1_NO_Pc	NZ_CWGH01000059.1	100.000	798	0	0	1	798	920	1717	0.0	1474
Int1_NO_Pc	NZ_CVVV01000085.1	100.000	798	0	0	1	798	407	1204	0.0	1474
Int1_NO_Pc	NZ_CVWC01000363.1	100.000	798	0	0	1	798	2513	1716	0.0	1474
Int1_NO_Pc	NZ_CVUY01000246.1	100.000	798	0	0	1	798	103583	102786	0.0	1474
Int1_NO_Pc	NZ_LFMS01000015.1	100.000	798	0	0	1	798	1099811	1099014	0.0	1474
Int1_NO_Pc	NZ_LFMS01000010.1	100.000	798	0	0	1	798	839821	839024	0.0	1474
Int1_NO_Pc	NZ_LFMV01000038.1	100.000	798	0	0	1	798	515039	515836	0.0	1474
Int1_NO_Pc	NZ_CDAZ01000032.1	100.000	798	0	0	1	798	91667	92464	0.0	1474
Int1_NO_Pc	NZ_CP011370.1	100.000	798	0	0	1	798	134735	133938	0.0	1474
Int1_NO_Pc	NZ_CP011317.1	100.000	798	0	0	1	798	3713285	3712488	0.0	1474
Int1_NO_Pc	NZ_CP011317.1	100.000	798	0	0	1	798	5586331	5585534	0.0	1474
Int1_NO_Pc	NZ_AP014646.1	100.000	798	0	0	1	798	2523216	2524013	0.0	1474
Int1_NO_Pc	NZ_AP014646.1	100.000	798	0	0	1	798	2547099	2546302	0.0	1474
Int1_NO_Pc	NZ_AP014646.1	100.000	798	0	0	1	798	4469105	4469902	0.0	1474
Int1_NO_Pc	NZ_JMBR02000042.1	100.000	798	0	0	1	798	18451	17654	0.0	1474
Int1_NO_Pc	NZ_CP036193.1	100.000	798	0	0	1	798	10222	9425	0.0	1474
Int1_NO_Pc	NZ_SHTZ01000036.1	100.000	798	0	0	1	798	16467	17264	0.0	1474
Int1_NO_Pc	NZ_SHUA01000040.1	100.000	798	0	0	1	798	3763	4560	0.0	1474
Int1_NO_Pc	NZ_SHTV01000054.1	100.000	798	0	0	1	798	12584	13381	0.0	1474
Int1_NO_Pc	NZ_POWS01000042.1	100.000	798	0	0	1	798	1468	671	0.0	1474
Int1_NO_Pc	NZ_CP035907.1	100.000	798	0	0	1	798	10222	9425	0.0	1474
Int1_NO_Pc	NZ_QFMG01000519.1	100.000	798	0	0	1	798	1001	204	0.0	1474
Int1_NO_Pc	NZ_QFMR01000583.1	100.000	798	0	0	1	798	1001	204	0.0	1474
Int1_NO_Pc	NZ_QFMK01000114.1	100.000	798	0	0	1	798	451	1248	0.0	1474
Int1_NO_Pc	NZ_CP026148.1	100.000	798	0	0	1	798	85383	86180	0.0	1474
Int1_NO_Pc	NZ_CP025578.1	100.000	798	0	0	1	798	15684	16481	0.0	1474
Int1_NO_Pc	NZ_RZUO01000104.1	100.000	798	0	0	1	798	1311	2108	0.0	1474
Int1_NO_Pc	NZ_BIFL01000238.1	100.000	798	0	0	1	798	1468	671	0.0	1474
Int1_NO_Pc	NZ_BIFK01000245.1	100.000	798	0	0	1	798	1044	247	0.0	1474
Int1_NO_Pc	NZ_RXLX01000059.1	100.000	798	0	0	1	798	4701	3904	0.0	1474
Int1_NO_Pc	NZ_RXLY01000039.1	100.000	798	0	0	1	798	11461	10664	0.0	1474
Int1_NO_Pc	NZ_RKJD01000002.1	100.000	798	0	0	1	798	132239	133036	0.0	1474
Int1_NO_Pc	NZ_RDAN01000003.1	100.000	798	0	0	1	798	115001	114204	0.0	1474
Int1_NO_Pc	NZ_RDAN01000003.1	99.875	799	0	1	1	798	312750	311952	0.0	1469
Int1_NO_Pc	NZ_RDAN01000003.1	100.000	148	0	0	1	148	12815	12668	4.01e-70	274
Int1_NO_Pc	NZ_RDAN01000003.1	100.000	148	0	0	1	148	24659	24512	4.01e-70	274
Int1_NO_Pc	NZ_RDAN01000003.1	100.000	148	0	0	1	148	145235	145382	4.01e-70	274
Int1_NO_Pc	NZ_RDAN01000003.1	100.000	148	0	0	1	148	329659	329512	4.01e-70	274
Int1_NO_Pc	NZ_RDAN01000003.1	100.000	148	0	0	1	148	341539	341392	4.01e-70	274
Int1_NO_Pc	NZ_RDAN01000003.1	92.414	145	2	2	1	145	1073	938	2.48e-47	198
Int1_NO_Pc	NZ_RDAN01000003.1	100.000	32	0	0	54	85	125125	125094	1.22e-05	60.2
Int1_NO_Pc	NZ_RDAK01000008.1	100.000	798	0	0	1	798	112597	111800	0.0	1474
Int1_NO_Pc	NZ_RDAM01000005.1	100.000	798	0	0	1	798	14800	15597	0.0	1474
Int1_NO_Pc	NZ_RDAQ01000002.1	100.000	798	0	0	1	798	136789	137586	0.0	1474
Int1_NO_Pc	NZ_RDAU01000003.1	100.000	798	0	0	1	798	98048	97251	0.0	1474
Int1_NO_Pc	NZ_RCZW01000006.1	100.000	798	0	0	1	798	142766	141969	0.0	1474
Int1_NO_Pc	NZ_RDAP01000003.1	100.000	798	0	0	1	798	5270	4473	0.0	1474
Int1_NO_Pc	NZ_RDAP01000003.1	100.000	798	0	0	1	798	55904	55107	0.0	1474
Int1_NO_Pc	NZ_CP034126.1	100.000	798	0	0	1	798	8811	9608	0.0	1474
Int1_NO_Pc	NZ_CP034046.1	100.000	798	0	0	1	798	207683	208480	0.0	1474
Int1_NO_Pc	NZ_CP033402.1	100.000	798	0	0	1	798	82181	81384	0.0	1474
Int1_NO_Pc	NZ_REGY01000079.1	100.000	798	0	0	1	798	5980	5183	0.0	1474
Int1_NO_Pc	NZ_REFT01000046.1	100.000	798	0	0	1	798	3765	2968	0.0	1474
Int1_NO_Pc	NZ_RDWK01000091.1	100.000	798	0	0	1	798	9012	9809	0.0	1474
Int1_NO_Pc	NZ_RDWC01000145.1	100.000	798	0	0	1	798	4604	5401	0.0	1474
Int1_NO_Pc	NZ_RCGJ01000031.1	100.000	798	0	0	1	798	9858	10655	0.0	1474
Int1_NO_Pc	NZ_RCGG01000058.1	100.000	798	0	0	1	798	448	1245	0.0	1474
Int1_NO_Pc	NZ_RCGR01000068.1	100.000	798	0	0	1	798	1017	220	0.0	1474
Int1_NO_Pc	NZ_RCGK01000033.1	100.000	798	0	0	1	798	1745	948	0.0	1474
Int1_NO_Pc	NZ_RCGM01000051.1	100.000	798	0	0	1	798	3633	4430	0.0	1474
Int1_NO_Pc	NZ_RCGH01000074.1	100.000	798	0	0	1	798	3641	4438	0.0	1474
Int1_NO_Pc	NZ_NXNM01000016.1	100.000	798	0	0	1	798	5005	4208	0.0	1474
Int1_NO_Pc	NZ_CP022926.1	100.000	798	0	0	1	798	132708	131911	0.0	1474
Int1_NO_Pc	NZ_CP022923.1	100.000	798	0	0	1	798	50949	50152	0.0	1474
Int1_NO_Pc	NZ_PDVU01000117.1	100.000	798	0	0	1	798	4770	3973	0.0	1474
Int1_NO_Pc	NZ_AP018672.1	100.000	798	0	0	1	798	32733	31936	0.0	1474
Int1_NO_Pc	NZ_QWWB01000052.1	100.000	798	0	0	1	798	5575	6372	0.0	1474
Int1_NO_Pc	NZ_QWWF01000062.1	100.000	798	0	0	1	798	357	1154	0.0	1474
Int1_NO_Pc	NZ_QWWC01000035.1	100.000	798	0	0	1	798	5574	6371	0.0	1474
Int1_NO_Pc	NZ_QWVY01000038.1	100.000	798	0	0	1	798	5574	6371	0.0	1474
Int1_NO_Pc	NZ_AP018753.1	100.000	798	0	0	1	798	5112296	5111499	0.0	1474
Int1_NO_Pc	NZ_AP018750.1	100.000	798	0	0	1	798	5112298	5111501	0.0	1474
Int1_NO_Pc	NZ_CP032212.1	100.000	798	0	0	1	798	3410	2613	0.0	1474
Int1_NO_Pc	NZ_CP032189.1	100.000	798	0	0	1	798	36112	35315	0.0	1474
Int1_NO_Pc	NZ_CP032188.1	100.000	798	0	0	1	798	19282	18485	0.0	1474
Int1_NO_Pc	NZ_CP032186.1	100.000	798	0	0	1	798	68716	67919	0.0	1474
Int1_NO_Pc	NZ_CP032170.1	100.000	798	0	0	1	798	13477	14274	0.0	1474
Int1_NO_Pc	NZ_CP032168.1	100.000	798	0	0	1	798	92718	91921	0.0	1474
Int1_NO_Pc	NZ_CP032168.1	100.000	798	0	0	1	798	111200	111997	0.0	1474
Int1_NO_Pc	NZ_CP030132.1	100.000	798	0	0	1	798	117197	116400	0.0	1474
Int1_NO_Pc	NZ_CP030132.1	100.000	798	0	0	1	798	122890	122093	0.0	1474
Int1_NO_Pc	NZ_CP030132.1	99.875	799	0	1	1	798	38599	37801	0.0	1469
Int1_NO_Pc	NZ_CP030132.1	100.000	32	0	0	54	85	48722	48691	1.22e-05	60.2
Int1_NO_Pc	NZ_CP031584.1	100.000	798	0	0	1	798	105804	105007	0.0	1474
Int1_NO_Pc	NZ_CP031584.1	100.000	798	0	0	1	798	129396	130193	0.0	1474
Int1_NO_Pc	NZ_QUWN01000130.1	100.000	798	0	0	1	798	5116	4319	0.0	1474
Int1_NO_Pc	NZ_QDDZ01000075.1	100.000	798	0	0	1	798	968	171	0.0	1474
Int1_NO_Pc	NZ_PXLR01000042.1	100.000	798	0	0	1	798	9742	10539	0.0	1474
Int1_NO_Pc	NZ_PXKI01000075.1	100.000	798	0	0	1	798	1346	2143	0.0	1474
Int1_NO_Pc	NZ_PXKL01000080.1	100.000	798	0	0	1	798	1001	204	0.0	1474
Int1_NO_Pc	NZ_PXJS01000115.1	100.000	798	0	0	1	798	805	8	0.0	1474
Int1_NO_Pc	NZ_QTKA01000036.1	100.000	798	0	0	1	798	7062	6265	0.0	1474
Int1_NO_Pc	NZ_QTJZ01000061.1	100.000	798	0	0	1	798	360	1157	0.0	1474
Int1_NO_Pc	NZ_CP030878.1	100.000	798	0	0	1	798	275079	275876	0.0	1474
Int1_NO_Pc	NZ_CP030876.1	100.000	798	0	0	1	798	76120	76917	0.0	1474
Int1_NO_Pc	NZ_QTKS01000042.1	100.000	798	0	0	1	798	2204	3001	0.0	1474
Int1_NO_Pc	NZ_QTKN01000045.1	100.000	798	0	0	1	798	2204	3001	0.0	1474
Int1_NO_Pc	NZ_QQQG01000019.1	100.000	798	0	0	1	798	9799	10596	0.0	1474
Int1_NO_Pc	NZ_QQQH01000033.1	100.000	798	0	0	1	798	1782	985	0.0	1474
Int1_NO_Pc	NZ_QQQJ01000022.1	100.000	798	0	0	1	798	4758	5555	0.0	1474
Int1_NO_Pc	NZ_QPAH01000027.1	100.000	798	0	0	1	798	5953	6750	0.0	1474
Int1_NO_Pc	NZ_QPAH01000005.1	100.000	798	0	0	1	798	43499	42702	0.0	1474
Int1_NO_Pc	NZ_QPAH01000005.1	100.000	229	0	0	1	229	68719	68491	3.77e-115	424
Int1_NO_Pc	NZ_QPAI01000004.1	100.000	798	0	0	1	798	46104	45307	0.0	1474
Int1_NO_Pc	NZ_QPAI01000004.1	100.000	798	0	0	1	798	173478	172681	0.0	1474
Int1_NO_Pc	NZ_QPAI01000004.1	100.000	229	0	0	1	229	71327	71099	3.77e-115	424
Int1_NO_Pc	NZ_QOUF01000935.1	100.000	798	0	0	1	798	332	1129	0.0	1474
Int1_NO_Pc	NZ_QOUC01000057.1	100.000	798	0	0	1	798	2443	3240	0.0	1474
Int1_NO_Pc	NZ_QOTZ01000066.1	100.000	798	0	0	1	798	455	1252	0.0	1474
Int1_NO_Pc	NZ_QOTY01000068.1	100.000	798	0	0	1	798	455	1252	0.0	1474
Int1_NO_Pc	NZ_QOTX01000086.1	100.000	798	0	0	1	798	1000	203	0.0	1474
Int1_NO_Pc	NZ_QOQZ01000118.1	100.000	798	0	0	1	798	1000	203	0.0	1474
Int1_NO_Pc	NZ_QOIC01000226.1	100.000	798	0	0	1	798	16461	17258	0.0	1474
Int1_NO_Pc	NZ_QOIA01000464.1	100.000	798	0	0	1	798	1000	203	0.0	1474
Int1_NO_Pc	NZ_QOHW01000087.1	100.000	798	0	0	1	798	1000	203	0.0	1474
Int1_NO_Pc	NZ_QOHS01000070.1	100.000	798	0	0	1	798	455	1252	0.0	1474
Int1_NO_Pc	NZ_PYWD01000044.1	100.000	798	0	0	1	798	4749	5546	0.0	1474
Int1_NO_Pc	NZ_PYWE01000050.1	100.000	798	0	0	1	798	979	1776	0.0	1474
Int1_NO_Pc	NZ_CP030343.1	100.000	798	0	0	1	798	14451	13654	0.0	1474
Int1_NO_Pc	NZ_QJMH01000088.1	100.000	798	0	0	1	798	356	1153	0.0	1474
Int1_NO_Pc	NZ_QJMS01000086.1	100.000	798	0	0	1	798	1001	204	0.0	1474
Int1_NO_Pc	NZ_QJNF01000060.1	100.000	798	0	0	1	798	1216	419	0.0	1474
Int1_NO_Pc	NZ_QJNI01000092.1	100.000	798	0	0	1	798	356	1153	0.0	1474
Int1_NO_Pc	NZ_QJNQ01000070.1	100.000	798	0	0	1	798	356	1153	0.0	1474
Int1_NO_Pc	NZ_NELL01000052.1	100.000	798	0	0	1	798	6596	5799	0.0	1474
Int1_NO_Pc	NZ_QKNP01000001.1	100.000	798	0	0	1	798	3130549	3129752	0.0	1474
Int1_NO_Pc	NZ_QKNO01000002.1	100.000	798	0	0	1	798	158278	159075	0.0	1474
Int1_NO_Pc	NZ_QKNN01000002.1	100.000	798	0	0	1	798	156370	155573	0.0	1474
Int1_NO_Pc	NZ_CP023724.1	100.000	798	0	0	1	798	76580	75783	0.0	1474
Int1_NO_Pc	NZ_QIUV01000036.1	100.000	798	0	0	1	798	1000	203	0.0	1474
Int1_NO_Pc	NZ_QIWK01000074.1	100.000	798	0	0	1	798	5093	4296	0.0	1474
Int1_NO_Pc	NZ_QIWJ01000054.1	100.000	798	0	0	1	798	5460	4663	0.0	1474
Int1_NO_Pc	NZ_QIWI01000072.1	100.000	798	0	0	1	798	882	85	0.0	1474
Int1_NO_Pc	NZ_QIWG01000044.1	100.000	798	0	0	1	798	1101	304	0.0	1474
Int1_NO_Pc	NZ_QIVY01000050.1	100.000	798	0	0	1	798	1418	621	0.0	1474
Int1_NO_Pc	NZ_QIWE01000081.1	100.000	798	0	0	1	798	356	1153	0.0	1474
Int1_NO_Pc	NZ_QITI01000231.1	100.000	798	0	0	1	798	1276	2073	0.0	1474
Int1_NO_Pc	NZ_CP023250.1	100.000	798	0	0	1	798	44530	43733	0.0	1474
Int1_NO_Pc	NZ_CP029588.1	100.000	798	0	0	1	798	98995	99792	0.0	1474
Int1_NO_Pc	NZ_CP029586.1	100.000	798	0	0	1	798	5494	4697	0.0	1474
Int1_NO_Pc	NZ_BGKY01000063.1	100.000	798	0	0	1	798	6321	7118	0.0	1474
Int1_NO_Pc	NZ_BFCX01000121.1	100.000	798	0	0	1	798	1795	998	0.0	1474
Int1_NO_Pc	NZ_BFCQ01000071.1	100.000	798	0	0	1	798	6905	6108	0.0	1474
Int1_NO_Pc	NZ_AP018577.1	100.000	798	0	0	1	798	43316	42519	0.0	1474
Int1_NO_Pc	NZ_BFCP01000056.1	100.000	798	0	0	1	798	2360	1563	0.0	1474
Int1_NO_Pc	NZ_QEFW01000638.1	100.000	798	0	0	1	798	455	1252	0.0	1474
Int1_NO_Pc	NZ_CP029135.1	100.000	798	0	0	1	798	8557	7760	0.0	1474
Int1_NO_Pc	NZ_CP029101.1	100.000	798	0	0	1	798	114392	115189	0.0	1474
Int1_NO_Pc	NZ_CP028996.1	100.000	798	0	0	1	798	24037	24834	0.0	1474
Int1_NO_Pc	NZ_CP028996.1	100.000	32	0	0	54	85	13914	13945	1.22e-05	60.2
Int1_NO_Pc	NZ_CP028991.1	100.000	798	0	0	1	798	54741	55538	0.0	1474
Int1_NO_Pc	NZ_CP028990.1	100.000	798	0	0	1	798	5042943	5042146	0.0	1474
Int1_NO_Pc	NZ_CP024039.1	100.000	798	0	0	1	798	45765	44968	0.0	1474
Int1_NO_Pc	NZ_CP028955.1	100.000	798	0	0	1	798	61259	60462	0.0	1474
Int1_NO_Pc	NZ_CP028954.1	100.000	798	0	0	1	798	189337	188540	0.0	1474
Int1_NO_Pc	NZ_CP028953.1	100.000	798	0	0	1	798	4983666	4982869	0.0	1474
Int1_NO_Pc	NZ_QCWR01000019.1	100.000	798	0	0	1	798	1948	1151	0.0	1474
Int1_NO_Pc	NZ_QBCC01000033.1	100.000	798	0	0	1	798	19925	20722	0.0	1474
Int1_NO_Pc	NZ_CP028817.1	100.000	798	0	0	1	798	9601	8804	0.0	1474
Int1_NO_Pc	NZ_CP028791.1	100.000	798	0	0	1	798	175905	176702	0.0	1474
Int1_NO_Pc	NZ_PWCO01000081.1	100.000	798	0	0	1	798	122	919	0.0	1474
Int1_NO_Pc	NZ_PWAZ01000036.1	100.000	798	0	0	1	798	1220	423	0.0	1474
Int1_NO_Pc	NZ_PWAL01000003.1	100.000	798	0	0	1	798	488547	487750	0.0	1474
Int1_NO_Pc	NZ_PWBP01000086.1	100.000	798	0	0	1	798	1001	204	0.0	1474
Int1_NO_Pc	NZ_PWBJ01000024.1	100.000	798	0	0	1	798	5310	6107	0.0	1474
Int1_NO_Pc	NZ_CP024917.1	100.000	798	0	0	1	798	110088	109291	0.0	1474
Int1_NO_Pc	NZ_CP024876.1	100.000	798	0	0	1	798	3874	4671	0.0	1474
Int1_NO_Pc	NZ_CP024875.1	100.000	798	0	0	1	798	186866	186069	0.0	1474
Int1_NO_Pc	NZ_CP024429.1	100.000	798	0	0	1	798	2744370	2743573	0.0	1474
Int1_NO_Pc	NZ_PQIL01000051.1	100.000	798	0	0	1	798	3598	4395	0.0	1474
Int1_NO_Pc	NZ_PUXF01000116.1	100.000	798	0	0	1	798	5575	6372	0.0	1474
Int1_NO_Pc	NZ_CP027162.1	100.000	798	0	0	1	798	25501	24704	0.0	1474
Int1_NO_Pc	NZ_CP027161.1	100.000	798	0	0	1	798	124818	125615	0.0	1474
Int1_NO_Pc	NZ_CP027150.1	100.000	798	0	0	1	798	34169	33372	0.0	1474
Int1_NO_Pc	NZ_CP027152.1	100.000	798	0	0	1	798	159437	158640	0.0	1474
Int1_NO_Pc	NZ_PTMB01000088.1	100.000	798	0	0	1	798	1246	449	0.0	1474
Int1_NO_Pc	NZ_PDVG01000069.1	100.000	798	0	0	1	798	24401	25198	0.0	1474
Int1_NO_Pc	NZ_PDLW01000075.1	100.000	798	0	0	1	798	9814	10611	0.0	1474
Int1_NO_Pc	NZ_JQGM01000062.1	100.000	798	0	0	1	798	5476	6273	0.0	1474
Int1_NO_Pc	NZ_PGHC01000121.1	100.000	798	0	0	1	798	1001	204	0.0	1474
Int1_NO_Pc	NZ_NIBY01000053.1	100.000	798	0	0	1	798	1000	203	0.0	1474
Int1_NO_Pc	NZ_NICE01000016.1	100.000	798	0	0	1	798	52709	53506	0.0	1474
Int1_NO_Pc	NZ_NICF01000015.1	100.000	798	0	0	1	798	51102	51899	0.0	1474
Int1_NO_Pc	NZ_NIBZ01000012.1	100.000	798	0	0	1	798	94474	93677	0.0	1474
Int1_NO_Pc	NZ_NCNF01000032.1	100.000	798	0	0	1	798	35481	36278	0.0	1474
Int1_NO_Pc	NZ_NCNU01000008.1	100.000	798	0	0	1	798	122	919	0.0	1474
Int1_NO_Pc	NZ_NCNY01000090.1	100.000	798	0	0	1	798	122	919	0.0	1474
Int1_NO_Pc	NZ_NCNZ01000110.1	100.000	798	0	0	1	798	844	47	0.0	1474
Int1_NO_Pc	NZ_NCOS01000084.1	100.000	798	0	0	1	798	1296	499	0.0	1474
Int1_NO_Pc	NZ_NCOW01000078.1	100.000	798	0	0	1	798	1296	499	0.0	1474
Int1_NO_Pc	NZ_NCOY01000061.1	100.000	798	0	0	1	798	1297	500	0.0	1474
Int1_NO_Pc	NZ_NCOZ01000049.1	100.000	798	0	0	1	798	5467	6264	0.0	1474
Int1_NO_Pc	NZ_NCPB01000087.1	100.000	798	0	0	1	798	5467	6264	0.0	1474
Int1_NO_Pc	NZ_NCPD01000020.1	100.000	798	0	0	1	798	127	924	0.0	1474
Int1_NO_Pc	NZ_NCPN01000048.1	100.000	798	0	0	1	798	9454	10251	0.0	1474
Int1_NO_Pc	NZ_NCPT01000023.1	100.000	798	0	0	1	798	48939	49736	0.0	1474
Int1_NO_Pc	NZ_NCNA01000099.1	100.000	798	0	0	1	798	122	919	0.0	1474
Int1_NO_Pc	NZ_NCNH01000035.1	100.000	798	0	0	1	798	6266	7063	0.0	1474
Int1_NO_Pc	NZ_NCNE01000071.1	100.000	798	0	0	1	798	356	1153	0.0	1474
Int1_NO_Pc	NZ_NCNJ01000102.1	100.000	798	0	0	1	798	1001	204	0.0	1474
Int1_NO_Pc	NZ_NCNP01000033.1	100.000	798	0	0	1	798	60290	59493	0.0	1474
Int1_NO_Pc	NZ_NCNQ01000078.1	100.000	798	0	0	1	798	6852	6055	0.0	1474
Int1_NO_Pc	NZ_NCNR01000051.1	100.000	798	0	0	1	798	122	919	0.0	1474
Int1_NO_Pc	NZ_NCNX01000097.1	100.000	798	0	0	1	798	1296	499	0.0	1474
Int1_NO_Pc	NZ_NCOM01000124.1	100.000	798	0	0	1	798	1296	499	0.0	1474
Int1_NO_Pc	NZ_NCOP01000086.1	100.000	798	0	0	1	798	9696	10493	0.0	1474
Int1_NO_Pc	NZ_NCOU01000001.1	100.000	798	0	0	1	798	22704	23501	0.0	1474
Int1_NO_Pc	NZ_NCPA01000034.1	100.000	798	0	0	1	798	5467	6264	0.0	1474
Int1_NO_Pc	NZ_NCPI01000057.1	100.000	798	0	0	1	798	5467	6264	0.0	1474
Int1_NO_Pc	NZ_NCPS01000073.1	100.000	798	0	0	1	798	855	58	0.0	1474
Int1_NO_Pc	NZ_NCPL01000045.1	100.000	798	0	0	1	798	1297	500	0.0	1474
Int1_NO_Pc	NZ_NCPR01000054.1	100.000	798	0	0	1	798	3174	3971	0.0	1474
Int1_NO_Pc	NZ_NCPW01000036.1	100.000	798	0	0	1	798	1159	362	0.0	1474
Int1_NO_Pc	NZ_NCPX01000060.1	100.000	798	0	0	1	798	1158	361	0.0	1474
Int1_NO_Pc	NZ_NCMD01000040.1	100.000	798	0	0	1	798	23550	24347	0.0	1474
Int1_NO_Pc	NZ_NCME01000079.1	100.000	798	0	0	1	798	2129	2926	0.0	1474
Int1_NO_Pc	NZ_NCLV01000021.1	100.000	798	0	0	1	798	122	919	0.0	1474
Int1_NO_Pc	NZ_NCMF01000069.1	100.000	798	0	0	1	798	5174	4377	0.0	1474
Int1_NO_Pc	NZ_CP025517.1	100.000	798	0	0	1	798	45040	44243	0.0	1474
Int1_NO_Pc	NZ_CP025467.1	100.000	798	0	0	1	798	183049	183846	0.0	1474
Int1_NO_Pc	NZ_CP025141.1	100.000	798	0	0	1	798	104328	105125	0.0	1474
Int1_NO_Pc	NZ_CP025140.1	100.000	798	0	0	1	798	137642	138439	0.0	1474
Int1_NO_Pc	NZ_CP025144.1	100.000	798	0	0	1	798	104180	104977	0.0	1474
Int1_NO_Pc	NZ_CP025038.1	100.000	798	0	0	1	798	48011	48808	0.0	1474
Int1_NO_Pc	NZ_CP045991.1	100.000	798	0	0	1	798	17824	17027	0.0	1474
Int1_NO_Pc	NZ_CP045990.1	100.000	798	0	0	1	798	41906	41109	0.0	1474
Int1_NO_Pc	NZ_CP025966.2	100.000	798	0	0	1	798	35486	34689	0.0	1474
Int1_NO_Pc	NZ_CP025964.2	100.000	798	0	0	1	798	126833	127630	0.0	1474
Int1_NO_Pc	NZ_CP028582.2	100.000	798	0	0	1	798	11336	10539	0.0	1474
Int1_NO_Pc	NZ_NWBX01000027.1	100.000	798	0	0	1	798	24023	23226	0.0	1474
Int1_NO_Pc	NZ_NWBY01000050.1	100.000	798	0	0	1	798	804	1601	0.0	1474
Int1_NO_Pc	NZ_NICZ01000023.1	100.000	798	0	0	1	798	9814	10611	0.0	1474
Int1_NO_Pc	NZ_NICY01000016.1	100.000	798	0	0	1	798	28652	29449	0.0	1474
Int1_NO_Pc	NZ_NICW01000016.1	100.000	798	0	0	1	798	25674	24877	0.0	1474
Int1_NO_Pc	NZ_NICX01000010.1	100.000	798	0	0	1	798	90767	89970	0.0	1474
Int1_NO_Pc	NZ_NICN01000054.1	100.000	798	0	0	1	798	357	1154	0.0	1474
Int1_NO_Pc	NZ_CP024557.1	100.000	798	0	0	1	798	121977	121180	0.0	1474
Int1_NO_Pc	NZ_CP024529.1	100.000	798	0	0	1	798	123364	122567	0.0	1474
Int1_NO_Pc	NZ_CP024489.1	100.000	798	0	0	1	798	5065314	5064517	0.0	1474
Int1_NO_Pc	NZ_CP024192.1	100.000	798	0	0	1	798	123364	122567	0.0	1474
Int1_NO_Pc	NZ_CP023950.1	100.000	798	0	0	1	798	88448	89245	0.0	1474
Int1_NO_Pc	NZ_CP023953.1	100.000	798	0	0	1	798	168556	169353	0.0	1474
Int1_NO_Pc	NZ_CP023952.1	100.000	798	0	0	1	798	199784	200581	0.0	1474
Int1_NO_Pc	NZ_CP023912.1	100.000	798	0	0	1	798	118335	117538	0.0	1474
Int1_NO_Pc	NZ_CP023943.1	100.000	798	0	0	1	798	37033	36236	0.0	1474
Int1_NO_Pc	NZ_NSLG01000092.1	100.000	798	0	0	1	798	19334	18537	0.0	1474
Int1_NO_Pc	NZ_NXKN01000097.1	100.000	798	0	0	1	798	1335	538	0.0	1474
Int1_NO_Pc	NZ_NXKP01000112.1	100.000	798	0	0	1	798	1003	206	0.0	1474
Int1_NO_Pc	NZ_NXKB01000092.1	100.000	798	0	0	1	798	363	1160	0.0	1474
Int1_NO_Pc	NZ_NXJT01000065.1	100.000	798	0	0	1	798	4148	4945	0.0	1474
Int1_NO_Pc	NZ_NXJY01000092.1	100.000	798	0	0	1	798	359	1156	0.0	1474
Int1_NO_Pc	NZ_NXJS01000077.1	100.000	798	0	0	1	798	1153	356	0.0	1474
Int1_NO_Pc	NZ_NXJP01000102.1	100.000	798	0	0	1	798	359	1156	0.0	1474
Int1_NO_Pc	NZ_NXJM01000110.1	100.000	798	0	0	1	798	1001	204	0.0	1474
Int1_NO_Pc	NZ_NXJU01000074.1	100.000	798	0	0	1	798	1636	839	0.0	1474
Int1_NO_Pc	NZ_NXJR01000054.1	100.000	798	0	0	1	798	2446	3243	0.0	1474
Int1_NO_Pc	NZ_NXJO01000146.1	100.000	798	0	0	1	798	356	1153	0.0	1474
Int1_NO_Pc	NZ_NXJL01000113.1	100.000	798	0	0	1	798	356	1153	0.0	1474
Int1_NO_Pc	NZ_NXJK01000094.1	100.000	798	0	0	1	798	356	1153	0.0	1474
Int1_NO_Pc	NZ_NXJI01000095.1	100.000	798	0	0	1	798	356	1153	0.0	1474
Int1_NO_Pc	NZ_NXIV01000143.1	100.000	798	0	0	1	798	356	1153	0.0	1474
Int1_NO_Pc	NZ_NXJA01000078.1	100.000	798	0	0	1	798	4771	5568	0.0	1474
Int1_NO_Pc	NZ_NXIU01000107.1	100.000	798	0	0	1	798	805	8	0.0	1474
Int1_NO_Pc	NZ_NXHL01000077.1	100.000	798	0	0	1	798	1418	621	0.0	1474
Int1_NO_Pc	NZ_NXHH01000051.1	100.000	798	0	0	1	798	1297	500	0.0	1474
Int1_NO_Pc	NZ_NSLE01000074.1	100.000	798	0	0	1	798	256	1053	0.0	1474
Int1_NO_Pc	NZ_MVPH01000098.1	100.000	798	0	0	1	798	5469	6266	0.0	1474
Int1_NO_Pc	NZ_NQLM01000030.1	100.000	798	0	0	1	798	9814	10611	0.0	1474
Int1_NO_Pc	NZ_NIAV01000017.1	100.000	798	0	0	1	798	225	1022	0.0	1474
Int1_NO_Pc	NZ_NIOA01000025.1	100.000	798	0	0	1	798	10335	11132	0.0	1474
Int1_NO_Pc	NZ_NIAM01000475.1	100.000	798	0	0	1	798	1364	567	0.0	1474
Int1_NO_Pc	NZ_NIAD01000195.1	100.000	798	0	0	1	798	356	1153	0.0	1474
Int1_NO_Pc	NZ_NIAO01000273.1	100.000	798	0	0	1	798	1389	592	0.0	1474
Int1_NO_Pc	NZ_NIAC01000276.1	100.000	798	0	0	1	798	1001	204	0.0	1474
Int1_NO_Pc	NZ_NPGZ01000063.1	100.000	798	0	0	1	798	1007	210	0.0	1474
Int1_NO_Pc	NZ_NPGV01000058.1	100.000	798	0	0	1	798	1018	221	0.0	1474
Int1_NO_Pc	NZ_NPGP01000036.1	100.000	798	0	0	1	798	9814	10611	0.0	1474
Int1_NO_Pc	NZ_NLDV01000067.1	100.000	798	0	0	1	798	1343	546	0.0	1474
Int1_NO_Pc	NZ_CP028804.2	100.000	798	0	0	1	798	257127	256330	0.0	1474
Int1_NO_Pc	NZ_NQEG01000011.1	100.000	798	0	0	1	798	1297	500	0.0	1474
Int1_NO_Pc	NZ_NGWN01000015.1	100.000	798	0	0	1	798	357	1154	0.0	1474
Int1_NO_Pc	NZ_NGYG01000048.1	100.000	798	0	0	1	798	357	1154	0.0	1474
Int1_NO_Pc	NZ_NGYY01000045.1	100.000	798	0	0	1	798	357	1154	0.0	1474
Int1_NO_Pc	NZ_NGYT01000043.1	100.000	798	0	0	1	798	5515	6312	0.0	1474
Int1_NO_Pc	NZ_NGYP01000034.1	100.000	798	0	0	1	798	11056	10259	0.0	1474
Int1_NO_Pc	NZ_NGXQ01000013.1	100.000	798	0	0	1	798	10830	10033	0.0	1474
Int1_NO_Pc	NZ_NGXG01000112.1	100.000	798	0	0	1	798	10133	10930	0.0	1474
Int1_NO_Pc	NZ_NGWJ01000022.1	100.000	798	0	0	1	798	8672	7875	0.0	1474
Int1_NO_Pc	NZ_NMQM01000068.1	100.000	798	0	0	1	798	1347	550	0.0	1474
Int1_NO_Pc	NZ_NMQL01000067.1	100.000	798	0	0	1	798	1043	1840	0.0	1474
Int1_NO_Pc	NZ_NIZK01000231.1	100.000	798	0	0	1	798	41560	42357	0.0	1474
Int1_NO_Pc	NZ_NIZI01000151.1	100.000	798	0	0	1	798	2196	2993	0.0	1474
Int1_NO_Pc	NZ_CP021953.1	100.000	798	0	0	1	798	55623	56420	0.0	1474
Int1_NO_Pc	NZ_CP021952.1	100.000	798	0	0	1	798	18406	17609	0.0	1474
Int1_NO_Pc	NZ_CP021947.1	100.000	798	0	0	1	798	36654	35857	0.0	1474
Int1_NO_Pc	NZ_CP021946.1	100.000	798	0	0	1	798	97886	98683	0.0	1474
Int1_NO_Pc	NZ_CP021858.1	100.000	798	0	0	1	798	43926	44723	0.0	1474
Int1_NO_Pc	NZ_CP021856.1	100.000	798	0	0	1	798	4596	3799	0.0	1474
Int1_NO_Pc	NZ_NBSC01000595.1	100.000	798	0	0	1	798	1124	327	0.0	1474
Int1_NO_Pc	NZ_CP021755.1	100.000	798	0	0	1	798	28506	27709	0.0	1474
Int1_NO_Pc	NZ_CP021752.1	100.000	798	0	0	1	798	175953	176750	0.0	1474
Int1_NO_Pc	NZ_CP021742.1	100.000	798	0	0	1	798	15381	16178	0.0	1474
Int1_NO_Pc	NZ_CP021741.1	100.000	798	0	0	1	798	63471	62674	0.0	1474
Int1_NO_Pc	NZ_MSYY01000108.1	100.000	798	0	0	1	798	1489	692	0.0	1474
Int1_NO_Pc	NZ_MSZD01000129.1	100.000	798	0	0	1	798	1311	2108	0.0	1474
Int1_NO_Pc	NZ_MSZC01000126.1	100.000	798	0	0	1	798	1488	691	0.0	1474
Int1_NO_Pc	NZ_NFYP01000035.1	100.000	798	0	0	1	798	1418	621	0.0	1474
Int1_NO_Pc	NZ_NFYF01000030.1	100.000	798	0	0	1	798	1368	2165	0.0	1474
Int1_NO_Pc	NZ_NFXY01000116.1	100.000	798	0	0	1	798	1220	423	0.0	1474
Int1_NO_Pc	NZ_NFXC01000032.1	100.000	798	0	0	1	798	1418	621	0.0	1474
Int1_NO_Pc	NZ_NFWZ01000029.1	100.000	798	0	0	1	798	1418	621	0.0	1474
Int1_NO_Pc	NZ_NFWE01000078.1	100.000	798	0	0	1	798	1368	2165	0.0	1474
Int1_NO_Pc	NZ_NFWC01000053.1	100.000	798	0	0	1	798	1428	2225	0.0	1474
Int1_NO_Pc	NZ_NFYQ01000032.1	100.000	798	0	0	1	798	1418	621	0.0	1474
Int1_NO_Pc	NZ_NFVV01000022.1	100.000	798	0	0	1	798	1287	2084	0.0	1474
Int1_NO_Pc	NZ_NFVQ01000053.1	100.000	798	0	0	1	798	1478	2275	0.0	1474
Int1_NO_Pc	NZ_NFYO01000036.1	100.000	798	0	0	1	798	1418	621	0.0	1474
Int1_NO_Pc	NZ_NFYS01000060.1	100.000	798	0	0	1	798	6325	7122	0.0	1474
Int1_NO_Pc	NZ_NFYD01000062.1	100.000	798	0	0	1	798	1368	2165	0.0	1474
Int1_NO_Pc	NZ_NFXN01000041.1	100.000	798	0	0	1	798	1348	551	0.0	1474
Int1_NO_Pc	NZ_NFXJ01000037.1	100.000	798	0	0	1	798	6325	7122	0.0	1474
Int1_NO_Pc	NZ_NFXF01000037.1	100.000	798	0	0	1	798	1399	602	0.0	1474
Int1_NO_Pc	NZ_NFXA01000030.1	100.000	798	0	0	1	798	1418	621	0.0	1474
Int1_NO_Pc	NZ_NFWT01000031.1	100.000	798	0	0	1	798	1000	203	0.0	1474
Int1_NO_Pc	NZ_NFWS01000038.1	100.000	798	0	0	1	798	1000	203	0.0	1474
Int1_NO_Pc	NZ_NFWD01000020.1	100.000	798	0	0	1	798	1287	2084	0.0	1474
Int1_NO_Pc	NZ_NFVY01000022.1	100.000	798	0	0	1	798	6325	7122	0.0	1474
Int1_NO_Pc	NZ_NFVZ01000057.1	100.000	798	0	0	1	798	1428	2225	0.0	1474
Int1_NO_Pc	NZ_NFVR01000082.1	100.000	798	0	0	1	798	6325	7122	0.0	1474
Int1_NO_Pc	NZ_NFVU01000035.1	100.000	798	0	0	1	798	6326	7123	0.0	1474
Int1_NO_Pc	NZ_NFVN01000054.1	100.000	798	0	0	1	798	1000	203	0.0	1474
Int1_NO_Pc	NZ_NFVL01000037.1	100.000	798	0	0	1	798	6325	7122	0.0	1474
Int1_NO_Pc	NZ_NFVJ01000044.1	100.000	798	0	0	1	798	2285	1488	0.0	1474
Int1_NO_Pc	NZ_NFBK02000060.1	100.000	798	0	0	1	798	6451	5654	0.0	1474
Int1_NO_Pc	NZ_NFBH02000025.1	100.000	798	0	0	1	798	1296	499	0.0	1474
Int1_NO_Pc	NZ_NFBC02000066.1	100.000	798	0	0	1	798	5525	6322	0.0	1474
Int1_NO_Pc	NZ_NFAW02000099.1	100.000	798	0	0	1	798	9764	10561	0.0	1474
Int1_NO_Pc	NZ_NFAT02000029.1	100.000	798	0	0	1	798	4458	5255	0.0	1474
Int1_NO_Pc	NZ_NFAS02000155.1	100.000	798	0	0	1	798	4458	5255	0.0	1474
Int1_NO_Pc	NZ_NFAN02000063.1	100.000	798	0	0	1	798	9753	10550	0.0	1474
Int1_NO_Pc	NZ_NFAJ02000035.1	100.000	798	0	0	1	798	6451	5654	0.0	1474
Int1_NO_Pc	NZ_NFAH02000068.1	100.000	798	0	0	1	798	1364	567	0.0	1474
Int1_NO_Pc	NZ_NEZH02000112.1	100.000	798	0	0	1	798	9764	10561	0.0	1474
Int1_NO_Pc	NZ_NFCB02000038.1	100.000	798	0	0	1	798	9754	10551	0.0	1474
Int1_NO_Pc	NZ_NFBZ02000115.1	100.000	798	0	0	1	798	4458	5255	0.0	1474
Int1_NO_Pc	NZ_NFBE02000010.1	100.000	798	0	0	1	798	4774	3977	0.0	1474
Int1_NO_Pc	NZ_NFAU02000020.1	100.000	798	0	0	1	798	1418	621	0.0	1474
Int1_NO_Pc	NZ_NFAM02000064.1	100.000	798	0	0	1	798	4458	5255	0.0	1474
Int1_NO_Pc	NZ_NFAI02000040.1	100.000	798	0	0	1	798	1364	567	0.0	1474
Int1_NO_Pc	NZ_NFAF02000092.1	100.000	798	0	0	1	798	9764	10561	0.0	1474
